also_appears_in,asin,batch_number,category,disponibilidad_mx,error_verificacion_mx,extracted_at,fecha_verificacion_mx,precio_actual_mx,price,title,url_mx,vendedor_actual_mx
,B0FFBNQXVV,6,Hogar y Cocina,disponible,,2025-11-03T15:02:55.633Z,2025-11-03T22:37:24.401Z,787.14,"$1,180.88","Juxdp - 20 ramas de pino norfolk de tacto real, plantas verdes artificiales de Navidad, ramas de plantas verdes de imitación, púas de pino falsas para jarrón, manualidades, guirnalda, corona",https://www.amazon.com.mx/dp/B0FFBNQXVV,Amazon Estados Unidos
,B07ZG8F8QZ,6,Hogar y Cocina,disponible,,2025-11-03T15:02:55.634Z,2025-11-03T22:37:32.600Z,625.46,$662.84,Gold Standard Premium - Spray protector de zapatos repelente al agua - 5 oz. Protector de zapatos de gamuza con fórmula impermeable,https://www.amazon.com.mx/dp/B07ZG8F8QZ,Rendomin
,B0C9J518XM,6,Hogar y Cocina,disponible,,2025-11-03T15:02:55.634Z,2025-11-03T22:37:41.727Z,907.77,$933.49,"Nollh Kit de Diario para Niñas y Adolescentes - Juego de Álbum de Recortes Estacionario y Suministros de Diario, Regalos de Cumpleaños",https://www.amazon.com.mx/dp/B0C9J518XM,SOCIALBOOSTI LLC
,B07FDPZJDP,6,Hogar y Cocina,disponible,,2025-11-03T15:02:55.634Z,2025-11-03T22:37:50.469Z,1951.45,"$1,951.46","FirsTime & Co. - Reloj de Pared de Madera, 22.5 Pulgadas, Color Tostado, 243",https://www.amazon.com.mx/dp/B07FDPZJDP,GREENJIN
,B0C4YVZD66,6,Hogar y Cocina,disponible,,2025-11-03T15:02:55.634Z,2025-11-03T22:37:59.150Z,1461.89,"$1,494.92","LIBKEN Cesta de frutas de malla de alambre de metal con tapa de madera, solución interior a prueba de moscas para frutas frescas, tazón de frutas cubierto con tapa, cubierta contra moscas para",https://www.amazon.com.mx/dp/B0C4YVZD66,Rendosa
,B08DNG8XQZ,6,Hogar y Cocina,disponible,,2025-11-03T15:02:55.634Z,2025-11-03T22:38:07.921Z,841.89,$862.05,"Reshoevn8r Premium Shoe and Sneaker Cleaner Solution, for Suede, Whites, Leather, Nubuck and Most Materials, 8 Oz",https://www.amazon.com.mx/dp/B08DNG8XQZ,GUTTIDIRECT
,B0F292PFNB,6,Hogar y Cocina,disponible,,2025-11-03T15:02:55.634Z,2025-11-03T22:38:14.963Z,1473.79,"$2,076.49","Astercook - Juego de 21 ollas y sartenes de cerámica antiadherentes, asas desmontables, juego de cocina de RV, apto para horno, listo para inducción, apilable, rosa",https://www.amazon.com.mx/dp/B0F292PFNB,Amazon Estados Unidos
,B07KCRKNTX,6,Hogar y Cocina,disponible,,2025-11-03T15:02:55.634Z,2025-11-03T22:38:23.348Z,1235,"$1,255.20",Mapa plano del mundo – 1892 Alexander Gleason Mapa – 24 x 36 pulgadas – Póster decorativo para pared – Plano circular – Longitud y tiempo – Proyección azimutal polar – Tierras planas – Decoración de,https://www.amazon.com.mx/dp/B07KCRKNTX,OLALOOK LLC
,B0F3PJ3R91,6,Hogar y Cocina,disponible,,2025-11-03T15:02:55.634Z,2025-11-03T22:38:31.204Z,528.92,$538.18,"bocinas repelentes de mosquitos, bobina de incienso de citronela para exteriores, cada una se quema durante 8 horas (contiene 20 bocinas y 1 soporte)",https://www.amazon.com.mx/dp/B0F3PJ3R91,BG3 STORE
,B09YLZ4NF4,6,Hogar y Cocina,disponible,,2025-11-03T15:02:55.634Z,2025-11-03T22:38:40.623Z,219,"$2,140.16","NIKKY HOME Reloj de mesa vintage dorado, silencioso, sin tictac, funciona con pilas, repisa de escritorio, pequeño reloj de metal para decoración de sala de estar",https://www.amazon.com.mx/dp/B09YLZ4NF4,Marca: NIKKY HOME
,B0DSW1R2JJ,6,Hogar y Cocina,disponible,,2025-11-03T15:02:55.635Z,2025-11-03T22:38:48.242Z,617.18,$954.82,Paterr Back to School Tote Bag for Teacher Gifts Bulk Crayon Pencil Composition Notebook Rule Apple Pattern Canvas Bag,https://www.amazon.com.mx/dp/B0DSW1R2JJ,Amazon Estados Unidos
,B093QLDBQW,6,Hogar y Cocina,disponible,,2025-11-03T15:02:55.635Z,2025-11-03T22:38:55.791Z,640.92,$640.93,"Veggie Wash - Lavado de frutas y verduras, 16 Fl Oz (Pack of 2)",https://www.amazon.com.mx/dp/B093QLDBQW,Corner Stone LLC
,B08TFDN7F3,6,Hogar y Cocina,disponible,,2025-11-03T15:02:55.635Z,2025-11-03T22:39:04.911Z,889.35,$889.36,"Reshoevn8r - Protector de zapatos impermeable para agua y manchas, repelente al agua para tenis, gamuza, lona, piel o zapatos blancos, Transparente, 6.5 Oz",https://www.amazon.com.mx/dp/B08TFDN7F3,Red Pure
,B0DV5SDY1R,6,Hogar y Cocina,disponible,,2025-11-03T15:02:55.635Z,2025-11-03T22:39:14.150Z,3480,"$3,480.01","Nostalgia NRMOPM7PK6A - Encimera retro de 0.7 Cu. Ft Horno de microondas, rosa",https://www.amazon.com.mx/dp/B0DV5SDY1R,GREENJIN
,B0DKNK53YF,6,Hogar y Cocina,disponible,,2025-11-03T15:02:55.635Z,2025-11-03T22:39:21.695Z,828.41,"$1,180.88","Philips 2 Pack Solar Security Light Outdoor 302 LED 1200lm, Solar-Powered Waterproof Wall-Mounted Floodlight w/PIR Motion Sensor, 3 Heads, IP65 Waterproof, 3 Modes",https://www.amazon.com.mx/dp/B0DKNK53YF,Amazon Estados Unidos
,B0F7L92ZW4,6,Hogar y Cocina,disponible,,2025-11-03T15:02:55.635Z,2025-11-03T22:39:29.121Z,1693.57,"$1,693.58","ZEROMX Kit de fabricación de velas de soja de primera calidad, kit para hacer velas, suministros para hacer velas con digital",https://www.amazon.com.mx/dp/B0F7L92ZW4,Corner Stone LLC
,B0D2NW5C7H,6,Hogar y Cocina,disponible,,2025-11-03T15:03:05.146Z,2025-11-03T22:39:37.332Z,2569.89,"$2,696.66","CHOEZON - Mesa de consola estrecha de 78.7 pulgadas con toma de corriente, mesa de sofá delgada de 7.1 pulgadas, mesa de sofá larga detrás con estación de carga, mesa de entrada para pasillo, sala de",https://www.amazon.com.mx/dp/B0D2NW5C7H,SRKSB LLC
,B0BRZY42BN,6,Hogar y Cocina,disponible,,2025-11-03T15:03:05.146Z,2025-11-03T22:39:46.527Z,3394.08,"$3,546.24","12 cestas de compras de plástico de 20 litros con asas de 16.9 x 11.8 x 9.1 pulgadas para suministros de comestibles de mercado, almacenamiento cómodo (amarillo)",https://www.amazon.com.mx/dp/B0BRZY42BN,MX Shipment's
,B0D9Q68KWC,6,Hogar y Cocina,disponible,,2025-11-03T15:03:05.147Z,2025-11-03T22:39:55.736Z,1192.79,"$1,365.71","FansArriche Airbrush Paint, 44 colores con 6 diluyente acríaire ceppintura de conjunto, listo para pulveria base de agua opy neón y pintura acríiridiscente para principiantes, artistas, 20 ml/botella",https://www.amazon.com.mx/dp/B0D9Q68KWC,Rendomin
,B000IYYLC6,6,Hogar y Cocina,disponible,,2025-11-03T15:03:05.147Z,2025-11-03T22:40:03.245Z,743.72,$743.73,"Hagerty Silver Foam: Esmalte de Plata Suave, Elimina Suavemente el deslustre de la esterlina, la Placa de Plata y el Oro, 36 onzas",https://www.amazon.com.mx/dp/B000IYYLC6,GREENJIN
,B0DLW6J1W8,6,Hogar y Cocina,disponible,,2025-11-03T15:03:05.147Z,2025-11-03T22:40:15.410Z,1020.57,"$1,091.22","Uzecpk Kits de encuadernación de libros, materiales de encuadernación de libros, suministros de encuadernación, kit de encuadernación, kit de fabricación de libros con punzón de carpeta de huesos de",https://www.amazon.com.mx/dp/B0DLW6J1W8,NEW AGE SHOPPING
,B0FG33S2L4,6,Hogar y Cocina,disponible,,2025-11-03T15:03:05.147Z,2025-11-03T22:40:24.142Z,898.82,$898.83,"AceOrbit Juego de 8 kits de pintura de cerámica de Halloween, 4 estilos de cerámica de Halloween para pintar yeso sin pintar, incluyendo calabaza fantasma y elementos de murciélago para actividades en",https://www.amazon.com.mx/dp/B0FG33S2L4,LIVAKOZ
,B0DR2FGXZS,6,Hogar y Cocina,disponible,,2025-11-03T15:03:05.147Z,2025-11-03T22:40:32.180Z,644.01,"$1,080.44","Paterr - 12 regalos de acuarela para amantes de Nueva York, incluye 6 bolsas de asas de Nueva York, 6 bolsas de maquillaje de la ciudad de Nueva York, recuerdos de la ciudad de Nueva York, regalos de",https://www.amazon.com.mx/dp/B0DR2FGXZS,Amazon Estados Unidos
,B0DQKYJWKN,6,Hogar y Cocina,disponible,,2025-11-03T15:03:05.147Z,2025-11-03T22:40:39.536Z,511.67,$538.18,ANNICEE Toallitas Húmedas Mini Tamaño De Viaje Paquete De 8 64 Unidades En Total,https://www.amazon.com.mx/dp/B0DQKYJWKN,SRKSB LLC
,B0C58YSG9D,6,Hogar y Cocina,disponible,,2025-11-03T15:03:05.147Z,2025-11-03T22:40:47.580Z,2278.14,"$2,370.63","Kit de tallado de madera, juego de 12 piezas de tallado de madera, herramientas de tallado de madera con estuche de lona, cuchillas de acero Sharp Cr-V 60, juegos de cinceles de madera para",https://www.amazon.com.mx/dp/B0C58YSG9D,SEONGSAN
,B0F2MJYL49,6,Hogar y Cocina,disponible,,2025-11-03T15:03:05.147Z,2025-11-03T22:40:56.916Z,1149.91,"$1,419.65","New Fi Bug Zapper - Zapper para Exteriores, mosquiteros con luz LED, para Interiores y Exteriores, trampas eléctricas para Moscas de Insectos, enchufa el Asesino de Mosquitos para Patio y Patio",https://www.amazon.com.mx/dp/B0F2MJYL49,KARACA ST
,B07SRRQS5B,6,Hogar y Cocina,disponible,,2025-11-03T15:03:05.147Z,2025-11-03T22:41:07.321Z,655.54,$705.03,"napfun Almohada de cuello para viajes, almohada de cuello de viaje mejorada para avión 100% espuma viscoelástica pura para dormir en vuelo, reposacabezas y accesorios portátiles de avión, color gris claro",https://www.amazon.com.mx/dp/B07SRRQS5B,Mel Trade
,B0D2R3QCZL,6,Hogar y Cocina,disponible,,2025-11-03T15:03:05.148Z,2025-11-03T22:41:16.382Z,2633.95,"$2,768.10","PETKABOO Zapatero para entrada de puerta delantera, banco de entrada de 28 pulgadas con perchero, banco de zapatos de árbol de pasillo con almacenamiento para entrada, pasillo, recámara, sala de estar",https://www.amazon.com.mx/dp/B0D2R3QCZL,HNEN
,B002PLPSG8,6,Hogar y Cocina,disponible,,2025-11-03T15:03:05.148Z,2025-11-03T22:41:25.973Z,425,$856.29,"Saphir Etalon Noir Jabón – Limpia, restaura y protege el piel de la silla de montar con glicerina – 3.2 onzas, Claro, 100ml",https://www.amazon.com.mx/dp/B002PLPSG8,Cuida Tu Calzado
,B0F6TLWWM4,6,Hogar y Cocina,disponible,,2025-11-03T15:03:05.148Z,2025-11-03T22:41:33.134Z,435.03,$688.97,"foco LED roja para dormir regulable, foco 100% de bloqueo de luz azul de 650 nm que promueve la melatonina, bombillas A19 de 7 W E26 para recámara, cuarto de bebé, 4 paquetes",https://www.amazon.com.mx/dp/B0F6TLWWM4,Amazon Estados Unidos
,B0BPXYLMJD,6,Hogar y Cocina,disponible,,2025-11-03T15:03:05.148Z,2025-11-03T22:41:42.019Z,534.49,$563.35,Frankincense Resins | Incienso Boswellia Sacra Frankincense | Incienso Chruch Inciense Goma de Olibanum Bulk |Luban 100 gramos (3.5 oz),https://www.amazon.com.mx/dp/B0BPXYLMJD,DUKKI LLC
,B0CH9LN2KS,6,Hogar y Cocina,disponible,,2025-11-03T15:03:05.148Z,2025-11-03T22:41:50.722Z,1356.36,"$1,394.48","CZSZYGHBAO - 2 tarros de vidrio grandes con tapa hermética, tarros de vidrio para almacenamiento de alimentos para té, especias, cereales, huevo, harina, café y más (98 onzas líquidas/2800 ml)",https://www.amazon.com.mx/dp/B0CH9LN2KS,SRKSB LLC
,B07GR8M67K,6,Hogar y Cocina,disponible,,2025-11-03T15:03:13.779Z,2025-11-03T22:42:00.529Z,1675.12,"$1,738.48",Vivishine 150ml - Vividress 250ml Combo - for Latex Clothing,https://www.amazon.com.mx/dp/B07GR8M67K,NEW AGE SHOPPING
,B0DQ4LLZVX,6,Hogar y Cocina,disponible,,2025-11-03T15:03:13.779Z,2025-11-03T22:42:08.372Z,1193.23,"$1,440.98","CAROTE - Juego de 22 utensilios de cocina de silicona, resistente al calor, juego de utensilios de cocina de 500 °F, espátula, volteador, batidor, pinzas",https://www.amazon.com.mx/dp/B0DQ4LLZVX,DAPHNE03 STORE
,B0F136W7XG,6,Hogar y Cocina,disponible,,2025-11-03T15:03:13.779Z,2025-11-03T22:42:16.711Z,717.11,$733.32,"Bandejas de madera grandes de 40,6 x 16,5 cm, bandejas largas de charcutería, plato rectangular para galletas, postre, plato de comida, bandeja decorativa para cocina, mesa de queso, platos de",https://www.amazon.com.mx/dp/B0F136W7XG,Rendosa
,B0CGXQ2KWY,6,Hogar y Cocina,disponible,,2025-11-03T15:03:13.779Z,2025-11-03T22:42:25.001Z,635.75,$909.27,"Onebttl - Vaso de colibrí para mujeres, ella y amantes, 20 onzas, 590 ml, acero inoxidable con purpurina y pajita, taza delgada de colibrí, café (plateado)",https://www.amazon.com.mx/dp/B0CGXQ2KWY,Amazon Estados Unidos
,B0CCL444BV,6,Hogar y Cocina,disponible,,2025-11-03T15:03:13.779Z,2025-11-03T22:42:33.158Z,1292.44,"$1,292.45","GITMIWS 120 bolsas de papel kraft café con asas, bolsas de regalo de tamaño mixto a granel para fiestas, bolsas de manualidades para comestibles, negocios, uso doméstico",https://www.amazon.com.mx/dp/B0CCL444BV,MSTZKN SHİPMENT
,B0BGN1SCP8,6,Hogar y Cocina,disponible,,2025-11-03T15:03:13.779Z,2025-11-03T22:42:40.317Z,554.75,$563.35,"Mezcla pequeña de conchas marinas de alta calidad, incluye conchas marinas, caracoles marinos y estrellas de mar en total 300 unidades (8 tipos), conchas para manualidades, decoración de resina y",https://www.amazon.com.mx/dp/B0BGN1SCP8,KRONOS STORE
,B0DHV74GH5,6,Hogar y Cocina,disponible,,2025-11-03T15:03:13.779Z,2025-11-03T22:42:48.577Z,1929.06,"$1,929.06","Homsorout Carro rodante de 3 niveles, carrito utilitario de metal con cajón de almacenamiento y ruedas, organizador versátil de arte y manualidades para el hogar, la oficina o el estudio, ideal para",https://www.amazon.com.mx/dp/B0DHV74GH5,SHENDULLAR LTD
,B0DPV4938X,6,Hogar y Cocina,disponible,,2025-11-03T15:03:13.780Z,2025-11-03T22:42:57.111Z,2116,"$2,253.41","Pacific Coast - Almohada de cama de lujo con plumas de ganso y plumón firme para dormir con funda de algodón 100%, suave y de apoyo",https://www.amazon.com.mx/dp/B0DPV4938X,HNEN
,B0DFLSP2QY,6,Hogar y Cocina,disponible,,2025-11-03T15:03:13.780Z,2025-11-03T22:43:10.216Z,1399.98,"$1,446.26","BSRHOME - Juego de 9 marcos de fotos de 12 x 12 pulgadas, muestra imágenes de 8 x 8 pulgadas con alfombrilla o 12 x 12 pulgadas sin alfombrilla, marcos cuadrados de fotos para pared o mesa, madera",https://www.amazon.com.mx/dp/B0DFLSP2QY,M&H Customer Friendly Store
,B07T3CQV8M,6,Hogar y Cocina,disponible,,2025-11-03T15:03:13.780Z,2025-11-03T22:43:20.781Z,696.48,$733.56,Wine Away Limpiador de manchas de vino tinto – Solución perfecta para tapicería de tela y limpiador de alfombras – Elimina las manchas de vino – Rocíe y lava la ropa para desaparecer las manchas – Wine Out – 12 y 2 onzas,https://www.amazon.com.mx/dp/B07T3CQV8M,GUTTIDIRECT
,B0DLWKWVGF,6,Hogar y Cocina,disponible,,2025-11-03T15:03:13.780Z,2025-11-03T22:43:28.025Z,1107.58,"$1,168.42","KANEODOT - Reloj de pared con péndulo, funciona con pilas, reloj regulador de madera con péndulo, relojes de pared decorativos clásico para sala de estar, granja, oficina, recámara, cocina, decoración",https://www.amazon.com.mx/dp/B0DLWKWVGF,SRKSB LLC
,B01HZE2QUK,6,Hogar y Cocina,disponible,,2025-11-03T15:03:13.780Z,2025-11-03T22:43:37.040Z,591.86,$600.03,"Bolsas de muselina 100% algodón con cordón, paquete de 6/12/24 para almacenamiento, despensa, regalos, zapatos, Beige, 6 x 8 inch - 12 pack, Casual",https://www.amazon.com.mx/dp/B01HZE2QUK,Ovolos
,B0C74C7X3J,6,Hogar y Cocina,disponible,,2025-11-03T15:03:13.780Z,2025-11-03T22:43:45.816Z,3028.15,"$3,103.47","Easly Espejo de baño Dorado de 48 x 30 Pulgadas, Espejo Rectangular inastillable montado en la Pared, Marco de aleación de Aluminio con Esquinas Redondeadas, Horizontal o Vertical para decoración de",https://www.amazon.com.mx/dp/B0C74C7X3J,SRKSB LLC
,B0F32GVX55,6,Hogar y Cocina,disponible,,2025-11-03T15:03:13.780Z,2025-11-03T22:43:55.652Z,1150.09,"$1,164.82","Ventilador de camping portátil de 30000 mAh con linterna RGB, recargable alimentado por batería oscilante con 4 velocidades de viento, visualización LED, temporizador de control remoto, tienda de",https://www.amazon.com.mx/dp/B0F32GVX55,Rendosa
,B01L6LXV7U,6,Hogar y Cocina,disponible,,2025-11-03T15:03:13.780Z,2025-11-03T22:44:03.722Z,715.1,$757.53,"DR - Bolsas de algodón con cordón doble, paquete de 12, beige, 10 x 15 pulgadas",https://www.amazon.com.mx/dp/B01L6LXV7U,SRKSB LLC
,B0FFGWTCC8,6,Hogar y Cocina,disponible,,2025-11-03T15:03:13.781Z,2025-11-03T22:44:11.677Z,1164.81,"$1,670.88","Chunful Jarra de caramelo de Navidad con tapa de 9.3 pulgadas, tarro de cerámica para galletas de Navidad, contenedor de almacenamiento decorativo para Navidad, decoración de Navidad, mostrador de",https://www.amazon.com.mx/dp/B0FFGWTCC8,Amazon Estados Unidos
,B0CXTGVTQG,6,Hogar y Cocina,disponible,,2025-11-03T15:03:22.891Z,2025-11-03T22:44:18.715Z,1333.1,"$1,435.95","EnduroShield Kit de Tratamiento para Vidrios - Protección Avanzada para Superficies de Vidrio - Repele Residuos de Jabón, Mugre Y Suciedad Sin Químicos Agresivos - 118 Ml",https://www.amazon.com.mx/dp/B0CXTGVTQG,BELGUCAN Global
,B0CPSTLBXY,6,Hogar y Cocina,disponible,,2025-11-03T15:03:22.891Z,2025-11-03T22:44:28.076Z,1132.38,"$1,139.65","Sunnyray - Molde de tarta de queso redondo de 4 pulgadas, mini molde de tarta de queso redondo pequeño a prueba de fugas, con parte inferior extraíble antiadherente para hornear mini tarta de queso",https://www.amazon.com.mx/dp/B0CPSTLBXY,KRONOS STORE
,B0BMB77953,6,Hogar y Cocina,disponible,,2025-11-03T15:03:22.891Z,2025-11-03T22:44:36.851Z,3143.39,"$4,059.73","Carrito de compras plegable para despensa, con ruedas giratorias de 360°, carrito multiusos plegable resistente para equipos de campamento, viajes, lavandería, jardín, despensa, cochera",https://www.amazon.com.mx/dp/B0BMB77953,Amazon Estados Unidos
,B0F53HMTX5,6,Hogar y Cocina,disponible,,2025-11-03T15:03:22.891Z,2025-11-03T22:44:44.170Z,1953.72,"$2,064.98","HOTO Aspiradora de coche, aspiradora inalámbrica de 20000 Pa y plumero de aire, aspiradora portátil 6 en 1, 5 boquillas para coche, hogar, oficina",https://www.amazon.com.mx/dp/B0F53HMTX5,AUTO MATE
,B0FBGFL4T7,6,Hogar y Cocina,disponible,,2025-11-03T15:03:22.891Z,2025-11-03T22:44:53.154Z,1460.63,"$1,507.63","HOM Chernobyl - Humidificador y difusor inteligente, máquina de niebla ultrasónica con aromaterapia, control de aplicación, luces LED, apagado automático, para el hogar, dormitorio, oficina, aceite",https://www.amazon.com.mx/dp/B0FBGFL4T7,NEW AGE SHOPPING
,B0DDKCMJDY,6,Hogar y Cocina,disponible,,2025-11-03T15:03:22.892Z,2025-11-03T22:45:00.874Z,1038.24,"$1,105.61","Kit de 23 piezas para ahumar whisky con antorcha-12 chips de madera, molde para bola de hielo, kit de infusor para fumadores de cóctel, kit de fumadores de bebidas antiguas, regalo de whisky bourbon",https://www.amazon.com.mx/dp/B0DDKCMJDY,NEW AGE SHOPPING
,B0DBKSSG52,6,Hogar y Cocina,disponible,,2025-11-03T15:03:22.892Z,2025-11-03T22:45:09.657Z,934.55,"$1,014.03","TIPSYTREE - Soporte para sombreros de vaquero, estante para sombreros de vaquero para pared con capacidad para hasta 6 sombreros, estantes de madera y metal occidentales, decoración rústica de tablero",https://www.amazon.com.mx/dp/B0DBKSSG52,BELGUCAN Global
,B0CF4RFBW7,6,Hogar y Cocina,disponible,,2025-11-03T15:03:22.892Z,2025-11-03T22:45:18.734Z,1280.69,"$1,667.28","Crowye - Taza inflable de pan de jengibre de 6 pies inflables para Navidad, decoración al aire última intervensión, bonita taza de pan de jengibre para hombre en cacao caliente con luz LED para patio,",https://www.amazon.com.mx/dp/B0CF4RFBW7,Amazon Estados Unidos
,B0F9XSC7CM,6,Hogar y Cocina,disponible,,2025-11-03T15:03:22.892Z,2025-11-03T22:45:27.124Z,462.68,$791.81,"Recipientes de avena durante la noche de 16 onzas con tapas, paquete de 6 tarros de boca ancha a prueba de fugas y compartimentos separados para frutas/nueces, tarros de vidrio herméticos para pudín",https://www.amazon.com.mx/dp/B0F9XSC7CM,Amazon Estados Unidos
,B0BZ7CD56P,6,Hogar y Cocina,disponible,,2025-11-03T15:03:22.892Z,2025-11-03T22:45:35.587Z,1723.14,"$1,787.38","Chef Studio Large Teak Wood Cutting Board, End Grain Butcher Block Cutting Board For Kitchen, Big Wooden Kitchen Carving Chopping Boards, Juice Groove, Reversible, Hand Grips, Size 15.8x11x1.37 inch",https://www.amazon.com.mx/dp/B0BZ7CD56P,SRKSB LLC
,B0CLH8NRXF,6,Hogar y Cocina,disponible,,2025-11-03T15:03:22.892Z,2025-11-03T22:45:43.575Z,2081.68,"$2,176.94","Juego de edredón de 7 piezas tamaño matrimonial para niños de Lightning McQueen de Cars de Disney Pixar, incluye edredón, sábanas y funda de almohada, juego de cama de microfibra supersuave",https://www.amazon.com.mx/dp/B0CLH8NRXF,IY Network
,B0DBRDCHWV,6,Hogar y Cocina,disponible,,2025-11-03T15:03:22.892Z,2025-11-03T22:45:52.837Z,1020.15,"$1,105.85",LAVA The Original Lamp - Lámpara Techno cromado de 14.5 pulgadas - Lámpara clásica de movimiento líquido - Líquido rosa y azul - Artículo #2097 (Exclusivo de Amazon),https://www.amazon.com.mx/dp/B0DBRDCHWV,NEW AGE SHOPPING
,B0CYX1J4TF,6,Hogar y Cocina,disponible,,2025-11-03T15:03:22.892Z,2025-11-03T22:46:07.336Z,1161.1,"$1,245.37","Kit completo de fabricación de velas con fundidor de cera, suministros para hacer velas, kits de manualidades y manualidades para principiantes, adultos, niños, incluyendo estufa eléctrica, aromas",https://www.amazon.com.mx/dp/B0CYX1J4TF,Rendosa
,B08L36KW7F,6,Hogar y Cocina,disponible,,2025-11-03T15:03:22.892Z,2025-11-03T22:46:16.814Z,360,$789.41,"MyDeal Products - Varillas de cobre macizo y latón con movimiento suave para rastrear energía espiritual Chi, caza de fantasmas, adivinar agua, encontrar oro, localizar objetos perdidos o responder",https://www.amazon.com.mx/dp/B08L36KW7F,ADDY ESOTÉRICA
,B0F9FB9448,6,Hogar y Cocina,disponible,,2025-11-03T15:03:22.893Z,2025-11-03T22:46:24.321Z,1634.28,"$2,149.85","Juego de sartenes de acero inoxidable de tres capas, sartenes de 8 pulgadas, 10 y 12 pulgadas, sartén sin PFOA y PTFE, sartén de inducción y apto para lavaplatos y horno, calor rápido y uniforme",https://www.amazon.com.mx/dp/B0F9FB9448,Amazon Estados Unidos
,B0CW5R7YGR,6,Hogar y Cocina,disponible,,2025-11-03T15:03:22.893Z,2025-11-03T22:46:31.724Z,1055.96,"$1,242.01","TEXAS LINEN CO. Juego de sábanas de algodón 100% orgánico, tamaño queen, 4 piezas, algodón orgánico, tela de percal tamaño queen, suave, refrescante, crujiente, juego de ropa de cama de 16 pulgadas de",https://www.amazon.com.mx/dp/B0CW5R7YGR,KARACA ST
,B09B1B6J9S,6,Hogar y Cocina,disponible,,2025-11-03T15:03:38.832Z,2025-11-03T22:46:40.324Z,995.11,"$1,040.64","EASZZZ - Lámpara de noche para bebé, lámpara de noche para lactancia, suave sin BPA, silicona táctil para cuidar los ojos, diseño de fácil tirón, atenuación continua, paquete de 1",https://www.amazon.com.mx/dp/B09B1B6J9S,IY Network
,B0D3WR6QM8,6,Hogar y Cocina,disponible,,2025-11-03T15:03:38.832Z,2025-11-03T22:46:49.007Z,2742.92,"$2,899.22","BLEXA - Juego de 2 taburetes redondos de terciopelo tapizados para maquillaje multifuncional, otomanos, mesa de café, reposapiés acolchado para sala de estar y dormitorio (color amarillo)",https://www.amazon.com.mx/dp/B0D3WR6QM8,SRKSB LLC
,B0F8N5J2BJ,6,Hogar y Cocina,disponible,,2025-11-03T15:03:38.832Z,2025-11-03T22:46:57.188Z,682,$731.16,"Baterías recargables AAA de litio con cargador rápido, 1300 mWh de alta capacidad, 1.5 V, baterías AAA recargables, 2000 ciclos de larga duración, baterías de iones de litio triple a",https://www.amazon.com.mx/dp/B0F8N5J2BJ,SHERIFF EXPRESS
,B08KG958ML,6,Hogar y Cocina,disponible,,2025-11-03T15:03:38.832Z,2025-11-03T22:47:05.257Z,1958.54,"$2,100.46",Copic Chao Start - Juego de 36 colores,https://www.amazon.com.mx/dp/B08KG958ML,BEST SUPPLY
,B0F3XF9S59,6,Hogar y Cocina,disponible,,2025-11-03T15:03:38.832Z,2025-11-03T22:47:14.352Z,1246.01,"$1,546.94","Abbylike Organizador de pintura acrílica de doble capa con carrito plegable, 56 ranuras de espuma a prueba de golpes para botellas de 2 onzas, funda de almacenamiento portátil para artistas amigables",https://www.amazon.com.mx/dp/B0F3XF9S59,Amazon Estados Unidos
,B0CQYRYKR3,6,Hogar y Cocina,disponible,,2025-11-03T15:03:38.832Z,2025-11-03T22:47:22.963Z,1579,"$2,316.22","Fanttik Slim V9 Mix - Aspiradora de aire portátil 4 en 1, potencia de succión de 12000 PA con visualización LED inteligente, mini teclado portátil inalámbrico para interior de coche, computadora de",https://www.amazon.com.mx/dp/B0CQYRYKR3,Calidad Premium Co. Factura tu compra
,B09KY8MT2T,6,Hogar y Cocina,disponible,,2025-11-03T15:03:38.833Z,2025-11-03T22:47:32.110Z,578.49,$578.50,Raven Powders - Polvo de carbón premium para dibujo y arte,https://www.amazon.com.mx/dp/B09KY8MT2T,Corner Stone LLC
,B0D9DQ5XR8,6,Hogar y Cocina,disponible,,2025-11-03T15:03:38.833Z,2025-11-03T22:47:40.083Z,891.44,"$1,060.30","Kit de fumador de whisky | Kit de ahumador de cóctel con antorcha, escudo abrasador, tapa, 6 chips de madera y caja de regalo para ahumado a la antigua moda | Bourbon Smoker",https://www.amazon.com.mx/dp/B0D9DQ5XR8,KARACA ST
,B0D4D5YD1G,6,Hogar y Cocina,disponible,,2025-11-03T15:03:38.833Z,2025-11-03T22:47:49.511Z,2445.02,"$2,493.37","Estantería y almacenamiento de juguetes, estante para libros y guardería, organizador Montessori, color blanco",https://www.amazon.com.mx/dp/B0D4D5YD1G,DOFER
,B0CR1ZGKWK,6,Hogar y Cocina,disponible,,2025-11-03T15:03:38.833Z,2025-11-03T22:47:58.448Z,1691.28,"$1,792.18","DISCOVERY PRODUCTS - Juego de tazas de comunión y obleas precargadas y jugo, paquete de 250 unidades para experiencias de comunión divina",https://www.amazon.com.mx/dp/B0CR1ZGKWK,Mishaland Store
,B0B4PL7WXJ,6,Hogar y Cocina,disponible,,2025-11-03T15:03:38.833Z,2025-11-03T22:48:06.419Z,1735.42,"$1,825.50","Nostalgia - Calentador de vapor y moño extragrande estilo comedor Coca-Cola para perritos calientes y capacidad de 24 perros calientes y 12 panecillos, salchichas, verduras, pescado, albóndigas, rojo",https://www.amazon.com.mx/dp/B0B4PL7WXJ,F4ST ORCHESTRA
,B0CKVYBQB8,6,Hogar y Cocina,disponible,,2025-11-03T15:03:38.833Z,2025-11-03T22:48:15.316Z,1377.74,"$1,473.11","BSRHOME - Juego de 9 marcos de fotos de 12 x 12 pulgadas para imágenes de 8 x 8 pulgadas con alfombrilla o 12 x 12 pulgadas sin alfombrilla, marcos cuadrados de fotos para pared o mesa, negro",https://www.amazon.com.mx/dp/B0CKVYBQB8,HNEN
,B0DKT8R6WJ,6,Hogar y Cocina,disponible,,2025-11-03T15:03:38.833Z,2025-11-03T22:48:23.318Z,752.87,$783.66,"ROSE COTTAGE - Paquete con 12 bolsitas grandes con aroma, desodorante, ambientador de aire para colgar en el clóset, larga duración, bonito aroma para el hogar, cedro",https://www.amazon.com.mx/dp/B0DKT8R6WJ,M&H Customer Friendly Store
,B0DBH6F8CS,6,Hogar y Cocina,disponible,,2025-11-03T15:03:38.833Z,2025-11-03T22:48:32.230Z,507.8,$538.18,"INFOOD - Espumador de leche recargable con tapa, bastón espumador de café, mezclador de bebidas de mano con 2 batidores de acero inoxidable desmontables, 2 velocidades ajustables para latte,",https://www.amazon.com.mx/dp/B0DBH6F8CS,Rendomin
,B0CQR2653W,6,Hogar y Cocina,disponible,,2025-11-03T15:03:38.833Z,2025-11-03T22:48:40.933Z,1564.51,"$1,649.54","2 cubos de soporte de registro, estante de almacenamiento para muebles, apilable, 80-110 vinilo, caja de almacenamiento, cubeta organizador de madera natural",https://www.amazon.com.mx/dp/B0CQR2653W,HNEN
,B0D12T38CL,6,Hogar y Cocina,disponible,,2025-11-03T15:03:38.834Z,2025-11-03T22:48:50.129Z,1606.66,"$1,848.27","HIMEET - Juego de edredón azul claro (208 x 218 cm), juego de edredón de tamaño matrimonial de 7 piezas, juego de cama azul pintuck en una bolsa, diseño plisado",https://www.amazon.com.mx/dp/B0D12T38CL,ElBazarMexicano
,B0C7QHZJM5,6,Hogar y Cocina,disponible,,2025-11-03T15:03:50.771Z,2025-11-03T22:49:04.345Z,6028.42,"$6,448.10","PRITIY Mesas de centro modernas minimalistas, triangulares de vidrio con base de madera de nogal, mesa auxiliar abstracta para sala de estar, oficina, hotel, balcón (nogal)",https://www.amazon.com.mx/dp/B0C7QHZJM5,IY Network
,B0CSPHCQMP,6,Hogar y Cocina,disponible,,2025-11-03T15:03:50.772Z,2025-11-03T22:49:14.053Z,8764.71,"$9,013.87","Agilestic - computadora de pie en Forma de L, Altura Ajustable, computadora eléctrico de Esquina de 63 x 55 Pulgadas, Mesa de computadora con Tablero de Empalme, Color Blanco",https://www.amazon.com.mx/dp/B0CSPHCQMP,SURE_FIRE
,B07HHWGLFS,6,Hogar y Cocina,disponible,,2025-11-03T15:03:50.772Z,2025-11-03T22:49:22.838Z,645.9,$714.14,"Deschem - Termómetro de vidrio Celsius, 0 a 200 °C, longitud 300 mm, medidor de temperatura de laboratorio",https://www.amazon.com.mx/dp/B07HHWGLFS,BELGUCAN Global
,B0DS68NLWX,6,Hogar y Cocina,disponible,,2025-11-03T15:03:50.772Z,2025-11-03T22:49:30.666Z,906.55,"$1,004.92","HeyClear - Kit de resina UV con moldes y luz UV para hacer joyas, 300 g, supertransparente, duro, bajo olor, premezclado y secado rápido para aretes, decoraciones de manualidades, regalos de creación",https://www.amazon.com.mx/dp/B0DS68NLWX,NEW AGE SHOPPING
,B0CSDN384M,6,Hogar y Cocina,disponible,,2025-11-03T15:03:50.772Z,2025-11-03T22:49:38.016Z,1499.89,"$1,499.90","XYZLVSI Carrito de almacenamiento delgado de 4 niveles estrecho de cocina con ruedas para espacio pequeño, estantería móvil con tapa de madera y mango de metal para cocina, baño, lavadero, KSC4L",https://www.amazon.com.mx/dp/B0CSDN384M,Binglu
,B0FD2HTQB8,6,Hogar y Cocina,disponible,,2025-11-03T15:03:50.772Z,2025-11-03T22:49:47.268Z,806.46,"$1,365.71","Lava The Original Lamp - Lámpara de movimiento líquido de cohete retro de 14.5 pulgadas, cera amarilla y líquido morado - Artículo #2391 (Exclusivo de Amazon)",https://www.amazon.com.mx/dp/B0FD2HTQB8,Amazon Estados Unidos
,B0CFX4VMQ2,6,Hogar y Cocina,disponible,,2025-11-03T15:03:50.772Z,2025-11-03T22:49:55.364Z,1214.14,"$1,248.72","Planetary Design Airscape - Recipiente para café y alimentos, tapa hermética patentada, empuja el exceso de aire para conservar la frescura",https://www.amazon.com.mx/dp/B0CFX4VMQ2,NEW AGE SHOPPING
,B0CTLQKM53,6,Hogar y Cocina,disponible,,2025-11-03T15:03:50.772Z,2025-11-03T22:50:03.245Z,1014.45,"$1,118.31","DUENPY - Marco de disco de vinilo de 16 x 22 pulgadas con 2 almohadillas para orejas reversibles (blanco y negro), adecuado para cubierta LP de 12 x 12 pulgadas, soporte de pared para exhibición de",https://www.amazon.com.mx/dp/B0CTLQKM53,NEW AGE SHOPPING
,B0DBZFFNX5,6,Hogar y Cocina,disponible,,2025-11-03T15:03:50.772Z,2025-11-03T22:50:11.400Z,817.02,$854.38,"AAQ Paquete de 4 marcos de fotos rústicos clásicos de 5 x 7 pulgadas con plexiglás, marcos de madera veteada envejecida para obras de arte y decoración de habitaciones",https://www.amazon.com.mx/dp/B0DBZFFNX5,SRKSB LLC
,B0CPSNP9GN,6,Hogar y Cocina,disponible,,2025-11-03T15:03:50.772Z,2025-11-03T22:50:20.400Z,1758.33,"$1,758.34","Varillas de cortina dobles color negro mate, de 72 a 144 pulgadas, decorativas con remates de tapa, frontal de 1 pulgada, espalda de 5/8 pulgadas, varillas dobles ajustables",https://www.amazon.com.mx/dp/B0CPSNP9GN,ROYAL IN
,B0D56QKY1X,6,Hogar y Cocina,disponible,,2025-11-03T15:03:50.773Z,2025-11-03T22:50:28.181Z,2084.89,"$2,180.29","Woodure - Taburete de cocina 4 en 1 para niños pequeños, torre de aprendizaje plegable con pizarrón, taburete de cocina de madera ayudante para niños, regalos para niños de 1 a 3 años",https://www.amazon.com.mx/dp/B0D56QKY1X,IY Network
,B0D3WR92NM,6,Hogar y Cocina,disponible,,2025-11-03T15:03:50.773Z,2025-11-03T22:50:37.736Z,1892.9,"$1,954.95","Aquzee - Soporte para consola de juegos, gabinete estéreo de 4 niveles para espacio pequeño, estante para centro de entretenimiento de juegos con estantes de almacenamiento para reproductor de DVD de",https://www.amazon.com.mx/dp/B0D3WR92NM,M&H Customer Friendly Store
,B0F9PC2TZ8,6,Hogar y Cocina,disponible,,2025-11-03T15:03:50.773Z,2025-11-03T22:50:46.744Z,3285.32,"$3,542.41","PANTASY - Juego de bloques de construcción de reloj de cuco, diseño clásico de chalet, modelo de reloj de pared mecánico de trabajo real con cuco motorizado, escenario giratorio y rueda de agua",https://www.amazon.com.mx/dp/B0F9PC2TZ8,Rendosa
,B0CY2KJR6L,6,Hogar y Cocina,disponible,,2025-11-03T15:03:50.773Z,2025-11-03T22:50:55.954Z,2486.93,"$2,580.63","Paquete de 7 estaciones de manipulación espresso y distribuidor de café, agitador WDT y espresso, embudo de dosificación de café, embudo de dosificación de café y visualización de disco espresso,",https://www.amazon.com.mx/dp/B0CY2KJR6L,HNEN
,B0CQM7SR4H,6,Hogar y Cocina,disponible,,2025-11-03T15:03:50.773Z,2025-11-03T22:51:04.549Z,2347.91,"$2,497.21","HLIPHA - Bastidor metálico de cama de plataforma, 35.6 cm de alto, sin somier, con listones de soporte fuertes y resistentes, fácil de ensamblar, tamaño Queen, color negro",https://www.amazon.com.mx/dp/B0CQM7SR4H,SRKSB LLC
,B0BXL9847T,6,Hogar y Cocina,disponible,,2025-11-03T15:03:50.773Z,2025-11-03T22:51:13.277Z,1318.68,"$1,497.32","SMARTOR - Juego de 8 ganchos de traje para hombre, de madera de hombro ancho con soporte antideslizante para pantalones, colgador ancho para traje, chamarra, chamarra, vestido, colgador de madera",https://www.amazon.com.mx/dp/B0BXL9847T,Bluforest Mx
,B0FFQ933TT,6,Hogar y Cocina,disponible,,2025-11-03T15:04:00.314Z,2025-11-03T22:51:21.424Z,2322.11,"$2,563.37","Cortador de pan para pan casero y masa madre – Cortador de pan manual con manivela, guía de grosor ajustable, ventosas, incluye bolsa de pan de cera de abeja y cubierta a prueba de polvo",https://www.amazon.com.mx/dp/B0FFQ933TT,Ronı
,B0DK93GJ5H,6,Hogar y Cocina,disponible,,2025-11-03T15:04:00.314Z,2025-11-03T22:51:28.336Z,1516.8,"$1,574.27","Organizador de almacenamiento de juguetes de madera de peluche, diseño mejorado de bolsa de puf, hamaca de animales de peluche, red de peluche, pecho de juguete grande, soporte de animales de peluche",https://www.amazon.com.mx/dp/B0DK93GJ5H,M&H Customer Friendly Store
,B09JRL1FGK,6,Hogar y Cocina,disponible,,2025-11-03T15:04:00.314Z,2025-11-03T22:51:37.240Z,2599,"$3,027.96","PETKABOO Banco de zapatos de 2 niveles, banco de zapatos de bambú, organizador de banco de almacenamiento de zapatos para entrada, pasillo, sala de estar",https://www.amazon.com.mx/dp/B09JRL1FGK,Planeta Verde
,B0CYLSNLPF,6,Hogar y Cocina,disponible,,2025-11-03T15:04:00.314Z,2025-11-03T22:51:45.254Z,2025.43,"$2,102.14","Taburete de ducha de 29.5 pulgadas, de longitud ajustable, impermeable, con estante de almacenamiento para afeitarse piernas, spa, asiento de baño en el baño, ducha interior para adultos mayores",https://www.amazon.com.mx/dp/B0CYLSNLPF,HNEN
,B07NPMNW84,6,Hogar y Cocina,disponible,,2025-11-03T15:04:00.314Z,2025-11-03T22:51:58.565Z,1278.34,"$1,310.33","Fellow Atmos - Recipiente de café al aspiradora y recipiente de almacenamiento de alimentos, recipientes herméticos para almacenamiento de alimentos, recipientes de café, 1,2 litros, vidrio transparente",https://www.amazon.com.mx/dp/B07NPMNW84,M&H Customer Friendly Store
,B0FJFNZGL4,6,Hogar y Cocina,disponible,,2025-11-03T15:04:00.315Z,2025-11-03T22:52:08.553Z,545.28,$557.60,"JCJMY - Marco de fotos de 11 x 16 pulgadas para colgar en la pared, montaje en pared horizontal o verticalmente, marco de fotos de 11 x 16 pulgadas con plexiglás resistente a roturas, natural",https://www.amazon.com.mx/dp/B0FJFNZGL4,Rendosa
,B0CBTLHPNK,6,Hogar y Cocina,disponible,,2025-11-03T15:04:00.315Z,2025-11-03T22:52:19.423Z,1918.06,"$1,980.84","Easly Arched Bathroom Mirror Espejo de baño para Pared Espejo de baño Arqueado para salón, recámara, Mantel, Entrada, Pasillo",https://www.amazon.com.mx/dp/B0CBTLHPNK,M&H Customer Friendly Store
,B0DBV84FHB,6,Hogar y Cocina,disponible,,2025-11-03T15:04:00.315Z,2025-11-03T22:52:28.497Z,3965.73,"$4,186.06","Congermom - Silla perezosa con otomana plegable, silla de sofá de ocio, sillón de tela suave con reposabrazos y bolsillos laterales, silla de lectura con reposapiés para sala de estar, recámara,",https://www.amazon.com.mx/dp/B0DBV84FHB,PRCOM
,B0CQ51K48Z,6,Hogar y Cocina,disponible,,2025-11-03T15:04:00.315Z,2025-11-03T22:52:37.075Z,519.2,$538.18,"Arte de pared ecléctico vintage 97 Decor – Impresión de pared de galería de decoración maximalista, arte ecléctico para decoración del hogar, arte contemporáneo abstracto y moderno, decoración",https://www.amazon.com.mx/dp/B0CQ51K48Z,Corner Stone LLC
,B0D98FXSC7,6,Hogar y Cocina,disponible,,2025-11-03T15:04:00.315Z,2025-11-03T22:52:45.620Z,1748.69,"$1,811.60",Vallejo - Set 16 Colores Wargame Special,https://www.amazon.com.mx/dp/B0D98FXSC7,qiuxushenzen8511xdsw
,B0DB5BNCRB,6,Hogar y Cocina,disponible,,2025-11-03T15:04:00.315Z,2025-11-03T22:52:52.835Z,466.23,$513.01,"Kit de pegamento sellador de pintura de diamante, paquete de 2 8 onzas con cepillo para polvo de silicona, sellado de arte de diamante, acabado transparente, acabado transparente, agarre permanente y",https://www.amazon.com.mx/dp/B0DB5BNCRB,BELGUCAN Global
,B07MB4P5SQ,6,Hogar y Cocina,disponible,,2025-11-03T15:04:00.315Z,2025-11-03T22:53:01.274Z,1713.08,"$2,224.40","Crafts - Fuente de agua de plástico con iluminación central para bodas, ideal para centros de mesa, fiestas, decoración de oficina y decoración del hogar",https://www.amazon.com.mx/dp/B07MB4P5SQ,Amazon Estados Unidos
,B0DJX3T92H,6,Hogar y Cocina,disponible,,2025-11-03T15:04:00.315Z,2025-11-03T22:53:09.145Z,1012.79,"$1,080.44","YINMIT - Soporte para taza de café con 12 ganchos, soporte para taza de café montado en la pared con estante superior, organizador de tazas para cocina en el hogar, color café",https://www.amazon.com.mx/dp/B0DJX3T92H,Rendomin
,B0D12VDS44,6,Hogar y Cocina,disponible,,2025-11-03T15:04:00.316Z,2025-11-03T22:53:16.744Z,1667.88,"$1,925.94","HIMEET - Juego de ropa de cama de 7 piezas de color verde salvia, juego de cama en una bolsa, juego de cama matrimonial, diseño de pliegues",https://www.amazon.com.mx/dp/B0D12VDS44,Rendomin
,B0CKMYJF7R,6,Hogar y Cocina,disponible,,2025-11-03T15:04:00.316Z,2025-11-03T22:53:25.315Z,995.25,$998.42,"Esmalte dorado para bizcocho de cerámica de cerámica, PCG0115 onzas líquidas",https://www.amazon.com.mx/dp/B0CKMYJF7R,Abundant Peace
,B0F89YR788,6,Hogar y Cocina,disponible,,2025-11-03T15:04:00.316Z,2025-11-03T22:53:34.202Z,1328.32,"$1,696.05","SOWTECH - Aspiradora con cable, aspiradoras de succión súper potentes, para el hogar, aspiradora de piso duro ligera, 6 en 1, aspiradora portátil para pelo de mascotas",https://www.amazon.com.mx/dp/B0F89YR788,Amazon Estados Unidos
,B0BF7DXLBF,6,Hogar y Cocina,disponible,,2025-11-03T15:04:10.716Z,2025-11-03T22:53:42.293Z,4712.48,"$5,094.86","Fellow Stagg EKG Pro - Hervidor eléctrico de cuello de cisne para verter café y té, calentamiento rápido, control de temperatura preciso, programación, temporizador de infusión integrado, negro mate,",https://www.amazon.com.mx/dp/B0BF7DXLBF,MegaOfertas MX
,B0027AEANE,6,Hogar y Cocina,disponible,,2025-11-03T15:04:10.716Z,2025-11-03T22:53:51.136Z,579.4,$596.67,"General Pencil 105-BP The Masters Limpiador y conservador de pinceles, 74.7 g cardado, Transparente, 1 paquete, 1",https://www.amazon.com.mx/dp/B0027AEANE,GUTTIDIRECT
,B0CXJ1YQWC,6,Hogar y Cocina,disponible,,2025-11-03T15:04:10.716Z,2025-11-03T22:53:59.988Z,1072.93,"$1,114.48","Kit de fumador de whisky con antorcha – 21 juegos – 6 chips de madera – Bourbon, kit de infusor de fumador de cóctel, kit de fumador de bebidas antiguas, regalo de whisky bourbon de cumpleaños para",https://www.amazon.com.mx/dp/B0CXJ1YQWC,SRKSB LLC
,B0D6V42WLN,6,Hogar y Cocina,disponible,,2025-11-03T15:04:10.717Z,2025-11-03T22:54:08.564Z,1353.1,"$1,392.80","SwallowLiving - Tabla de cortar extensible de madera sobre el fregadero con ranura para jugo para cocina, cubierta de fregadero de cocina de madera, tabla de cortar para el espacio del mostrador",https://www.amazon.com.mx/dp/B0D6V42WLN,M&H Customer Friendly Store
,B0CY4KB5L6,6,Hogar y Cocina,disponible,,2025-11-03T15:04:10.717Z,2025-11-03T22:54:18.156Z,911.09,$979.99,"Jcoos Kit para Hacer jabón, Kit para Hacer jabón Adultos y niños, Suministros para Hacer jabón: Base de jabón para derretir y Verter, Molde para jabón, colorante para jabón, fragancias, FLO",https://www.amazon.com.mx/dp/B0CY4KB5L6,Rendosa
,B0DPMNY2GS,6,Hogar y Cocina,disponible,,2025-11-03T15:04:10.717Z,2025-11-03T22:54:26.686Z,443.28,$737.63,"Drydiet - Juego de 3 alfombras de baño y toallas de mano bohemias de 2 x 3 pies con borlas, tapete de puerta delantera, alfombra de cocina, toallas de mano decorativas para baño, toallas de cocina",https://www.amazon.com.mx/dp/B0DPMNY2GS,Amazon Estados Unidos
,B0DDPMNX24,6,Hogar y Cocina,disponible,,2025-11-03T15:04:10.717Z,2025-11-03T22:54:35.346Z,1684.55,"$1,877.28","Carrito utilitario pequeño con cajón, metálico, rueda con sistema de bloqueo, organizador versátil de arte con 6 niveles y separadores extraíbles para sala de dibujo, guarda pintura y artefactos",https://www.amazon.com.mx/dp/B0DDPMNX24,ergunstore
,B0DD776Y35,6,Hogar y Cocina,disponible,,2025-11-03T15:04:10.717Z,2025-11-03T22:54:44.336Z,475.6,$513.01,"FeelfunFeather - 300 plumas pequeñas, 10 estilos de plumas de faisán natual decorativas, para manualidades, ropa, joyería, decoración del cabello",https://www.amazon.com.mx/dp/B0DD776Y35,SRKSB LLC
,B0BW337MLX,6,Hogar y Cocina,disponible,,2025-11-03T15:04:10.717Z,2025-11-03T22:54:58.058Z,1422.92,"$1,697.49","FlyDOIT - Alfombras decorativas de 1.8 x 2.7 metros, grandes, color gris claro con diseño teñido anudado, esponjosas, ultrasuaves, de felpa, mullidas, para el hogar y dormitorio universitario",https://www.amazon.com.mx/dp/B0BW337MLX,Amazon Estados Unidos
,B0B68P3DWS,6,Hogar y Cocina,disponible,,2025-11-03T15:04:10.717Z,2025-11-03T22:55:07.482Z,773.18,"$1,060.06","Juegoal - Corona inflable de Navidad de 4 pies, reno iluminado con luces LED integradas, decoración navideña para interiores y exteriores, puerta delantera, ventana, patio, decoración de jardín",https://www.amazon.com.mx/dp/B0B68P3DWS,Amazon Estados Unidos
,B0CKDMXJGP,6,Hogar y Cocina,disponible,,2025-11-03T15:04:23.245Z,2025-11-03T22:55:16.256Z,1920.97,"$1,920.98",W10185969 Temporizador de secadora por Part Supply House,https://www.amazon.com.mx/dp/B0CKDMXJGP,Musunrain
,B0756LBB6H,6,Hogar y Cocina,disponible,,2025-11-03T15:04:23.245Z,2025-11-03T22:55:23.560Z,929.03,$979.03,AlbaChem - Removedor de vinilo de transferencia de calor para telas 20 fl. oz,https://www.amazon.com.mx/dp/B0756LBB6H,GUTTIDIRECT
,B0B5DJJZT3,6,Hogar y Cocina,disponible,,2025-11-03T15:04:23.245Z,2025-11-03T22:55:31.398Z,616.39,$690.65,"Nicpro - Kit de resina epoxi transparente de 16 onzas, apto para alimentos, resina epoxi para manualidades, pintura en lona, moldes, fabricación de pigmentos, revestimiento y fundición",https://www.amazon.com.mx/dp/B0B5DJJZT3,BELGUCAN Global
,B09ZY8YZCB,6,Hogar y Cocina,disponible,,2025-11-03T15:04:23.245Z,2025-11-03T22:55:38.260Z,1285.39,"$1,416.05","WARMDERN - Juego de funda de edredón estilo bohemio, color gris, tamaño Queen, funda de edredón con textura a rayas, 3 piezas, funda de edredón de microfibra lavada ultra suave con cierre (tamaño Queen, color gris).",https://www.amazon.com.mx/dp/B09ZY8YZCB,M&H Customer Friendly Store
,B0D55W5TKM,6,Hogar y Cocina,disponible,,2025-11-03T15:04:23.245Z,2025-11-03T22:55:46.463Z,829.04,$863.25,"Handysienda - Kit de fabricación de velas con plato caliente para adultos, juego de velas con derretimiento de cera para principiantes, jarra de olla de 900 ml, termómetro, accesorios para",https://www.amazon.com.mx/dp/B0D55W5TKM,SRKSB LLC
,B0DG2NMKBT,6,Hogar y Cocina,disponible,,2025-11-03T15:04:23.245Z,2025-11-03T22:55:56.027Z,1875.62,"$1,993.79","Afyuol - Luces de fotos para pared, funciona con pilas, 16 pulgadas, para pinturas, CCT, recargable, regulable, con control remoto, para sala de estar, diana, baño, 2 unidades",https://www.amazon.com.mx/dp/B0DG2NMKBT,Rendomin
,B0DJVZBG6Z,6,Hogar y Cocina,disponible,,2025-11-03T15:04:23.245Z,2025-11-03T22:56:03.658Z,1176.08,"$1,281.57","Fuyoooo - 2 linternas de papel chino de 20 pulgadas, visualización blanca grande, redonda y oblata, visualización colgante de papel de arroz, visualización de luz plegable para decoración interior del",https://www.amazon.com.mx/dp/B0DJVZBG6Z,NEW AGE SHOPPING
,B0DQPX4NPK,6,Hogar y Cocina,disponible,,2025-11-03T15:04:23.246Z,2025-11-03T22:56:11.784Z,3806.87,"$3,867.95","WKFAMOUT - Silla de directores plegable alta con mesa auxiliar de 30.7 pulgadas de altura de asiento plegable para silla de camping, taburete de bar para maquillador, pintura facial con reposapiés y",https://www.amazon.com.mx/dp/B0DQPX4NPK,SURE_FIRE
,B0D4R156LT,6,Hogar y Cocina,disponible,,2025-11-03T15:04:23.246Z,2025-11-03T22:56:19.774Z,663.59,$683.93,"BlessedMart Cruz de pared ortodoxa rusa – Crucifijo bizantino de madera de tres barras para colgar en la esquina de oración, 8 pulgadas",https://www.amazon.com.mx/dp/B0D4R156LT,M&H Customer Friendly Store
,B0FCLM1TCV,6,Hogar y Cocina,disponible,,2025-11-03T15:04:23.246Z,2025-11-03T22:56:28.833Z,597.3,$859.17,"Taza de café aislada con correa, botella de agua de acero inoxidable para casa, escuela, fiesta, campamento, oficina o coche",https://www.amazon.com.mx/dp/B0FCLM1TCV,Amazon Estados Unidos
,B0D7GWXYCD,6,Hogar y Cocina,disponible,,2025-11-03T15:04:23.246Z,2025-11-03T22:56:36.778Z,738.36,$821.26,"SpaceAid - Almacenamiento de papel higiénico de gran capacidad con tapa, soporte para cesta de papel higiénico para baño, soporta hasta 24 rollos regulares o 18 rollos mega rollos, color negro",https://www.amazon.com.mx/dp/B0D7GWXYCD,NEW AGE SHOPPING
,B0FCSSHFDZ,6,Hogar y Cocina,disponible,,2025-11-03T15:04:23.246Z,2025-11-03T22:56:45.272Z,828.67,$832.37,"Tabla de charcutería con tapa transparente, tabla de queso portátil de viaje, cajas de charcutería, tablas de cortar para cocina, bandeja de servir para picnic y entretenimiento, idea de regalo de",https://www.amazon.com.mx/dp/B0FCSSHFDZ,CANLI TRADE
,B081RMPS7Z,6,Hogar y Cocina,disponible,,2025-11-03T15:04:23.246Z,2025-11-03T22:56:53.843Z,1369.99,"$1,470.71","GUOHONG - Soporte de póster para exhibición de pedestal, soporte ajustable para letreros de pie, soporte resistente para carteles con altura de base de hasta 75 pulgadas, doble cara para tablero y",https://www.amazon.com.mx/dp/B081RMPS7Z,M&H Customer Friendly Store
,B0FKWPWQ2X,6,Hogar y Cocina,disponible,,2025-11-03T15:04:23.246Z,2025-11-03T22:57:03.669Z,2294.98,"$2,324.37",Sculpd Pottery Kit brillante con tonos clásicos,https://www.amazon.com.mx/dp/B0FKWPWQ2X,Rendosa
,B0DR7S5KRD,6,Hogar y Cocina,disponible,,2025-11-03T15:04:23.246Z,2025-11-03T22:57:12.455Z,1256.46,"$1,271.98","Fuumuui - Juego de 9 pinceles de pintura de sable y pinceles de fregona de ardilla natural con aguja extendida, punta redonda, plana, daga, lavado de plumas para tintas de aguada de acuarela",https://www.amazon.com.mx/dp/B0DR7S5KRD,NEW AGE SHOPPING
,B0FH998QYP,6,Hogar y Cocina,disponible,,2025-11-03T15:04:23.246Z,2025-11-03T22:57:21.572Z,823.99,"$1,174.89","W&E Choice - Amortiguadores de humedad con aroma a lavanda, deshumidificador portátil para armarios y baños, cocina, absorbedor de humedad, eliminador de olores, paquete de 12",https://www.amazon.com.mx/dp/B0FH998QYP,Marca: W&E Choice
,B089M1BH1K,6,Hogar y Cocina,disponible,,2025-11-03T15:04:36.160Z,2025-11-03T22:57:28.962Z,453.98,$638.63,"BAOMING - foco LED G9 regulable de 4 W, equivalente a halógeno T4 G9, 2700 K, blanco cálido suave, 120 V, sin parpadeo, iluminación de lámpara de 450 lm (paquete de 5)",https://www.amazon.com.mx/dp/B089M1BH1K,Amazon Estados Unidos
,B0DBV4FNR9,6,Hogar y Cocina,disponible,,2025-11-03T15:04:36.160Z,2025-11-03T22:57:36.796Z,3879,"$4,267.33","Congermom - Silla perezosa con otomana plegable, silla de sofá de ocio, sillón de tela suave con reposabrazos y bolsillos laterales, silla de lectura con reposapiés para sala de estar, recámara,",https://www.amazon.com.mx/dp/B0DBV4FNR9,⭐DIGVICE.MX✅MEJOR SERVICIO✅EL ENVÍO MAS RAPIDO MX
,B0FDQ7V83Z,6,Hogar y Cocina,disponible,,2025-11-03T15:04:36.160Z,2025-11-03T22:57:49.505Z,944.72,$954.82,"XTKHRZ - foco infrarroja de calor, bombillas infrarrojas de 275 W, foco de terapia de luz roja, lámpara de calor infrarrojo cercano para base E26/E27",https://www.amazon.com.mx/dp/B0FDQ7V83Z,NEW AGE SHOPPING
,B0CTKQP1Y3,6,Hogar y Cocina,disponible,,2025-11-03T15:04:36.160Z,2025-11-03T22:57:59.017Z,1037.94,"$1,064.14","CANWUPON - Soporte para sombrero de vaquero para pared, diseño de estilo salvaje occidental con 6 ganchos para sombrero para montaje en pared, soporte para sombrero y colgador para almacenamiento y",https://www.amazon.com.mx/dp/B0CTKQP1Y3,ArtBlue
,B09BW23S83,6,Hogar y Cocina,disponible,,2025-11-03T15:04:36.160Z,2025-11-03T22:58:08.936Z,901.83,$901.84,"NO TOX LIFE - Bloque de platos vegano de 6 onzas - Un jabón de platos sólido para una limpieza eficaz de platos, ollas y sartenes, fórmula biodegradable ultra concentrada, sin fragancia y colorante, paquete de 2",https://www.amazon.com.mx/dp/B09BW23S83,Corner Stone LLC
,B0CWK1QDMS,6,Hogar y Cocina,disponible,,2025-11-03T15:04:36.160Z,2025-11-03T22:58:17.198Z,5041.54,"$5,418.97","Furlide Sillas decorativas de ratán, modernas sillas de comedor de mediados de siglo, juego de 2, cómodos sillones, sillas de ratán al aire última intervensión con reposabrazos para recámara, sala de",https://www.amazon.com.mx/dp/B0CWK1QDMS,STOR UYAR
,B0D7LB4YPP,6,Hogar y Cocina,disponible,,2025-11-03T15:04:36.160Z,2025-11-03T22:58:27.102Z,920.76,$925.67,"Purriko - Desodorante para refrigerador, dura 10 años, eliminador de olores de refrigerador, desodorante de refrigerador, más eficaz que las bolsas purificadoras de aire de bambú para bicarbonato de",https://www.amazon.com.mx/dp/B0D7LB4YPP,NEW AGE SHOPPING
,B0C45YMHRR,6,Hogar y Cocina,disponible,,2025-11-03T15:04:36.160Z,2025-11-03T22:58:35.228Z,2884.11,"$2,969.94","APRTAT Banco de comedor de bambú, 35 pulgadas, decoración de granja para interiores, mesa de cocina, banco de zapatos de entrada, banco al aire última intervensión, bancos de bambú sólido para sala de",https://www.amazon.com.mx/dp/B0C45YMHRR,SRKSB LLC
,B0DPV48BBB,6,Hogar y Cocina,disponible,,2025-11-03T15:04:36.161Z,2025-11-03T22:58:43.765Z,1237.92,"$1,319.20","Pacific Coast - Almohada de lujo con plumas de ganso y plumón para dormir con funda de algodón 100%, apoyo mediano, tamaño estándar",https://www.amazon.com.mx/dp/B0DPV48BBB,Rendomin
,B0F8VQJR5J,6,Hogar y Cocina,disponible,,2025-11-03T15:04:36.161Z,2025-11-03T22:58:53.169Z,647.4,$647.41,"Jaboneras, jabonera de cerámica con diseño de cascada, soporte de jabón autodrenable para ducha, baño, fregadero, cocina y encimera, color beige y blanco",https://www.amazon.com.mx/dp/B0F8VQJR5J,Binglu
,B0D7ZKLJ1Y,6,Hogar y Cocina,disponible,,2025-11-03T15:04:36.161Z,2025-11-03T22:59:01.800Z,2664.91,"$2,736.93","EK ENNOKING - Barra de luz LED ámbar de 52 pulgadas de una sola fila súper brillante Combo de inundación de punto LED de trabajo para conducción de luz antiniebla para camioneta todoterreno,",https://www.amazon.com.mx/dp/B0D7ZKLJ1Y,CANLI TRADE
,B0DGTZF7N1,6,Hogar y Cocina,disponible,,2025-11-03T15:04:36.161Z,2025-11-03T22:59:11.612Z,463.45,$477.77,"Brohood - Grasa de grado alimenticio para batidora de soporte Kitchenaid, 4 onzas, grasa apta para alimentos, universalmente para licuadoras, batidoras de soporte y procesadores de alimentos, evita el",https://www.amazon.com.mx/dp/B0DGTZF7N1,SRKSB LLC
,B0CLH9GL55,6,Hogar y Cocina,disponible,,2025-11-03T15:04:36.161Z,2025-11-03T22:59:20.028Z,1936.35,"$1,999.78","Juego de edredón de 5 piezas tamaño individual para niños de Lightning McQueen de Cars de Disney Pixar, incluye edredón, sábanas y funda de almohada, juego de cama de microfibra supersuave",https://www.amazon.com.mx/dp/B0CLH9GL55,IY Network
,B0F1ZWBQ73,6,Hogar y Cocina,disponible,,2025-11-03T15:04:36.161Z,2025-11-03T22:59:28.774Z,474.75,$588.52,"Panda Palm - Juego de 4 manteles individuales de vinilo de plástico de 45,7 x 30,5 cm para mesa de cena, antideslizantes, fáciles de limpiar, uso diario, decoración de patio y cocina (blanco mezcla",https://www.amazon.com.mx/dp/B0F1ZWBQ73,Amazon Estados Unidos
,B0F21Q5JFT,6,Hogar y Cocina,disponible,,2025-11-03T15:04:48.244Z,2025-11-03T22:59:37.671Z,807.52,"$1,269.82","Soporte grande para jaula de almacenamiento de animales de peluche, organizador de almacenamiento de animales de peluche de PVC mejorado, juguetes de peluche que ahorran espacio, soporte para",https://www.amazon.com.mx/dp/B0F21Q5JFT,Amazon Estados Unidos
,B0CX1J7S2W,6,Hogar y Cocina,disponible,,2025-11-03T15:04:48.244Z,2025-11-03T22:59:46.383Z,369,$538.18,"Ribbli - Cinta de seda de gasa de 1 pulgada x 3 rollos en total de 24 yardas, color marfil, hecha a mano, para envolver invitaciones de boda, ramos de novia, manualidades, decoración del hogar",https://www.amazon.com.mx/dp/B0CX1J7S2W,Sunny3-HQ
,B0FHCXLXV1,6,Hogar y Cocina,disponible,,2025-11-03T15:04:48.245Z,2025-11-03T22:59:55.434Z,747.18,$748.13,"Mantel ajustable de vinilo redondo con parte trasera de franela, diseño de borde elástico, impermeable, resistente al aceite, resistente a las manchas, ideal para 32 a 36 pulgadas",https://www.amazon.com.mx/dp/B0FHCXLXV1,Amazon Estados Unidos
,B0CH9GYKMX,6,Hogar y Cocina,disponible,,2025-11-03T15:04:48.245Z,2025-11-03T23:00:03.931Z,1479.4,"$1,546.94","CZSZYGHBAO - 2 tarros de vidrio grandes con tapa hermética, tarros de vidrio para almacenamiento de alimentos para té, especias, cereales, huevo, harina, café y más (1 galón/4000 ml)",https://www.amazon.com.mx/dp/B0CH9GYKMX,SRKSB LLC
,B07GDJ3V3G,6,Hogar y Cocina,disponible,,2025-11-03T15:04:48.245Z,2025-11-03T23:00:12.482Z,3032.62,"$3,065.83",Kingsunshine - Caldera de cobre puro de 1.5 galones Alembic Still Wine Alcohol Water Distiller,https://www.amazon.com.mx/dp/B07GDJ3V3G,qiuxushenzen8511xdsw
,B0F13G72TP,6,Hogar y Cocina,disponible,,2025-11-03T15:04:48.245Z,2025-11-03T23:00:19.687Z,1316.16,"$1,375.06","Narremcoy - Kit de ventilación para secadora de interiores Pro de 6 capas, calidad de aire mejorada, trampa de pelusa para secadora de energía eficiente 3 en 1, manguera de aluminio de 10 pies y",https://www.amazon.com.mx/dp/B0F13G72TP,NEW AGE SHOPPING
,B0DS3QYK7F,6,Hogar y Cocina,disponible,,2025-11-03T15:04:48.245Z,2025-11-03T23:00:29.215Z,5215.99,"$5,597.32","Fellow Stagg EKG Pro - Hervidor eléctrico de cuello de cisne para verter café y té, calentamiento rápido, control de temperatura preciso, programación, temporizador de infusión integrado, color azul",https://www.amazon.com.mx/dp/B0DS3QYK7F,BROWN LEAVES LLC
,B0BT93MJ4G,6,Hogar y Cocina,disponible,,2025-11-03T15:04:48.245Z,2025-11-03T23:00:37.034Z,1187.76,"$1,470.71","GoveeLife - Humidificadores inteligentes para recámara, humidificadores de niebla fría de relleno superior de 3 litros con difusor de aceite esencial, control de humedad, humidificador de aire WiFi",https://www.amazon.com.mx/dp/B0BT93MJ4G,F4ST ORCHESTRA
,B0CWS6HV3W,6,Hogar y Cocina,disponible,,2025-11-03T15:04:48.245Z,2025-11-03T23:00:50.029Z,895.78,$954.58,"Rollo de papel de carnicero café, dispensador de rollo de papel de 11.8 pulgadas, 30 metros, soporte para carnicero para decoración de pared, obras de arte, listas de tareas e ideal para ideas",https://www.amazon.com.mx/dp/B0CWS6HV3W,Rendomin
,B0D8BD2P64,6,Hogar y Cocina,disponible,,2025-11-03T15:04:48.245Z,2025-11-03T23:00:59.583Z,2074.49,"$2,128.51","clóset de bambú para pared, gabinete de ratán con estantes y puertas, gabinete de pared sobre inodoro, organizador de almacenamiento para lavadero, cocina, sala de estar",https://www.amazon.com.mx/dp/B0D8BD2P64,M&H Customer Friendly Store
,B0DNNBW4S8,6,Hogar y Cocina,disponible,,2025-11-03T15:04:48.245Z,2025-11-03T23:01:09.359Z,621.91,$687.29,"Kichn. Tabla de cortar de acero inoxidable y madera de bambú de doble cara, acero inoxidable 304, reversible para carne y verduras, duradera, elegante y versátil, imprescindible en la cocina",https://www.amazon.com.mx/dp/B0DNNBW4S8,BELGUCAN Global
,B0DB1N42YQ,6,Hogar y Cocina,disponible,,2025-11-03T15:04:48.246Z,2025-11-03T23:01:17.151Z,1134.8,"$1,315.37","HOMY ARTY - Pintura para aerógrafo - 43 colores con 5 más delgados, listo para rociar, juego de pintura para aerógrafo acrílico a base de agua para metal, modelos de plástico, lona, madera, 48",https://www.amazon.com.mx/dp/B0DB1N42YQ,Lumexa Online MX
,B09FPFTMVX,6,Hogar y Cocina,disponible,,2025-11-03T15:04:48.246Z,2025-11-03T23:01:24.835Z,1116.49,"$1,141.33","SpaceAid WrapNeat Organizador 3 en 1 con cortador y etiquetas, envoltura de plástico, papel de aluminio y dispensador de bambú de cera para almacenamiento de cocina, soporte de organización para rollo",https://www.amazon.com.mx/dp/B09FPFTMVX,HNEN
,B09J4R5R8Q,6,Hogar y Cocina,disponible,,2025-11-03T15:04:48.246Z,2025-11-03T23:01:32.768Z,940.24,$963.69,"Juego de marcos de certificado A4, juego de 6 marcos de fotos de madera con plexiglás de alta definición, marco de fotos rústico A4, adecuado para marcos de fotos de madera compuesta montados en la pared (café)",https://www.amazon.com.mx/dp/B09J4R5R8Q,NEW AGE SHOPPING
,8412568621,6,Hogar y Cocina,disponible,,2025-11-03T15:04:48.246Z,2025-11-03T23:01:42.041Z,694,"$1,217.56",Inocencia interrumpida,https://www.amazon.com.mx/dp/8412568621,Amazon Estados Unidos
,B0D83LFZCL,6,Hogar y Cocina,disponible,,2025-11-03T15:04:48.246Z,2025-11-03T23:01:48.912Z,2612.88,"$2,856.55","JOWBOOW - Organizador de gabinete estrecho extraíble (43 cm de ancho x 18 cm de profundidad), estante de especias extraíble para montaje lateral de 3 niveles para gabinete estrecho",https://www.amazon.com.mx/dp/B0D83LFZCL,Meka Storee
,B0DJW5LXJN,6,Hogar y Cocina,disponible,,2025-11-03T15:05:02.028Z,2025-11-03T23:01:57.362Z,1236.84,"$1,311.29","Portafiltro sin fondo de 54 mm - Naked for Breville Barista Express, Pro, Touch, Bambino Plus, Infuser, Duo Temp - Mango de palisandro, base plana, incluye cesta de filtro de 18-21 g y visualización",https://www.amazon.com.mx/dp/B0DJW5LXJN,NEW AGE SHOPPING
,B076HH4WZM,6,Hogar y Cocina,disponible,,2025-11-03T15:05:02.028Z,2025-11-03T23:02:06.857Z,2012.89,"$2,390.53","STIRMATE® Agitador Inteligente para Olla, 2da Generación (Recargable) - Rojo, 6 Cuartos, Plástico, Sin Revestimiento, Olla, 1.2 Libras",https://www.amazon.com.mx/dp/B076HH4WZM,Amazon Estados Unidos
,B0C9HPLTX5,6,Hogar y Cocina,disponible,,2025-11-03T15:05:02.028Z,2025-11-03T23:02:15.133Z,1531.79,"$1,562.52","HOTO - Aspiradora de mano sin cable, aspiradora de computadora eléctrica comprimida, aspiración de 15000 Pa, soplador de aire portátil 4 en 1 para computadora, teclado",https://www.amazon.com.mx/dp/B0C9HPLTX5,NEW AGE SHOPPING
,B0DBH3CMM5,6,Hogar y Cocina,disponible,,2025-11-03T15:05:02.028Z,2025-11-03T23:02:24.162Z,3704.9,"$3,768.94","Cottage Charm - Mesa de soporte grande para reproductor de discos con soporte de vinilo de hasta 150 unidades, soporte para medios AV estéreo para gabinete con almacenamiento, resistente, pies",https://www.amazon.com.mx/dp/B0DBH3CMM5,GREENJIN
,B0D7RTJF4T,6,Hogar y Cocina,disponible,,2025-11-03T15:05:02.028Z,2025-11-03T23:02:32.910Z,1637.46,"$1,844.92","HAWERSI Paquete de accesorios todo en uno para máquina Cricut Joy Xtra, 134 piezas kit de inicio con herramientas de tamaño Xtra de 8.5 x 12 pulgadas, suministros y todo el material que necesitas para",https://www.amazon.com.mx/dp/B0D7RTJF4T,FulcrumShop
,B0C5SMCZ2K,6,Hogar y Cocina,disponible,,2025-11-03T15:05:02.028Z,2025-11-03T23:02:41.016Z,3299,"$3,993.57","Homeiju Mini barras para el hogar, gabinete de madera para bar de café, moderno gabinete de licor para licor y vasos, gabinete de vino buffet de granja con aparador de almacenamiento para el hogar",https://www.amazon.com.mx/dp/B0C5SMCZ2K,⭐DIGVICE.MX✅MEJOR SERVICIO✅EL ENVÍO MAS RAPIDO MX
,B0DJVFVTQP,6,Hogar y Cocina,disponible,,2025-11-03T15:05:02.028Z,2025-11-03T23:02:48.617Z,2901.85,"$4,321.51","Soporte de torre de computadora ajustable en altura, soporte para CPU de 2 niveles debajo del computadora, caja de juegos con ruedas y alfombrilla para mouse, mesa auxiliar plegable para computadora",https://www.amazon.com.mx/dp/B0DJVFVTQP,Amazon Estados Unidos
,B0B8Y6HYKC,6,Hogar y Cocina,disponible,,2025-11-03T15:05:02.028Z,2025-11-03T23:02:57.216Z,1580.41,"$1,652.66","PRETTY NIGHT - Manta con peso de 15 libras, tamaño queen, gris oscuro, 60 x 80 pulgadas, mantas pesadas para adultos, son cómodas y acogedoras",https://www.amazon.com.mx/dp/B0B8Y6HYKC,SRKSB LLC
,B0DKK5H1QH,6,Hogar y Cocina,disponible,,2025-11-03T15:05:02.029Z,2025-11-03T23:03:06.242Z,490.9,$505.34,Strawberry Shortcake Figura de cheebee de Fresa con Aroma Dulce para Temporada de Invierno de 2.5 Pulgadas,https://www.amazon.com.mx/dp/B0DKK5H1QH,GUTTIDIRECT
,B0CKWYZBKT,6,Hogar y Cocina,disponible,,2025-11-03T15:05:02.029Z,2025-11-03T23:03:14.968Z,2155.68,"$2,353.85","eyassi Lámpara de pie de arco con 3 temperaturas de color, lámpara de pie dorada con control remoto y foco regulable, lámpara de pie bohemia con pantallas de ratán y tela, lámpara alta ajustable para sala de estar, recámara",https://www.amazon.com.mx/dp/B0CKWYZBKT,Lumexa Online MX
,B09NN47TPH,6,Hogar y Cocina,disponible,,2025-11-03T15:05:02.029Z,2025-11-03T23:03:24.163Z,618.68,$808.83,"This is Us - Tapete decorativo para puerta de bienvenida familiar, 17 x 30 pulgadas, tapete decorativo para porche del hogar, alfombra de entrada de granja para recámara, regalo de inauguración de la",https://www.amazon.com.mx/dp/B09NN47TPH,Amazon Estados Unidos
,B0D9L7GR84,6,Hogar y Cocina,disponible,,2025-11-03T15:05:02.029Z,2025-11-03T23:03:32.356Z,805.24,$805.25,"Aleath Cesta de Regalo para Mujeres, cumpleaños, Navidad: Paquete Morado de autocuidado con Manta de Franela, Feliz Navidad, cumpleaños, Regalos para recuper Lavanda Medio",https://www.amazon.com.mx/dp/B0D9L7GR84,Novayu
,B0DHR4NXF2,6,Hogar y Cocina,disponible,,2025-11-03T15:05:02.029Z,2025-11-03T23:03:45.889Z,1466.05,"$1,536.39","Signature Santal - Recambio de aceite esencial de sándalo/difusor de varillas (8.5 fl. oz.) Para difusores de cañas, máquinas de aceite difusor eléctrico y calentadores de aceite, nuevo de nuestra",https://www.amazon.com.mx/dp/B0DHR4NXF2,DUKKI LLC
,B0CVXG8CW2,6,Hogar y Cocina,disponible,,2025-11-03T15:05:02.029Z,2025-11-03T23:03:55.022Z,3504.94,"$3,580.76","YATINEY - Cabecero tamaño King, cabecero tapizado con estación de carga, tabla de cabeza con almacenamiento abierto, altura ajustable, estilo clásico, resistente y estable, café rústico, gris y negro",https://www.amazon.com.mx/dp/B0CVXG8CW2,SRKSB LLC
,B0BZ4J4RHR,6,Hogar y Cocina,disponible,,2025-11-03T15:05:17.575Z,2025-11-03T23:04:03.950Z,1779.93,"$1,922.11","MhyTogn Juego de 2 apliques de pared de ratán natural, con visualización de mimbre tejida bohemia, acabado de pintura de latón envejecido, para cambiador, escalera, chimenea, sala de estar, mesita de noche, pasillo",https://www.amazon.com.mx/dp/B0BZ4J4RHR,Rendosa
,B0DSG5LVK8,6,Hogar y Cocina,disponible,,2025-11-03T15:05:17.575Z,2025-11-03T23:04:12.421Z,1014.23,"$1,063.90","Tabla de cortar de madera con asa, 2 tablas de cortar de madera decorativas para servir de madera, juego de tablas de cortar grandes, tabla de charcutería para tabla de queso, bloques de picar pan de",https://www.amazon.com.mx/dp/B0DSG5LVK8,NEW AGE SHOPPING
,B0DYML2H8C,6,Hogar y Cocina,disponible,,2025-11-03T15:05:17.575Z,2025-11-03T23:04:21.811Z,1237.31,"$1,265.26","ELAINESTORE Temporizador de reloj de arena de 60 minutos, marco de madera y metal, temporizador de arena decorativo para oficina, yoga, decoración del hogar (arena blanca, tamaño grande)",https://www.amazon.com.mx/dp/B0DYML2H8C,Rendosa
,B0F1F3SFT6,6,Hogar y Cocina,disponible,,2025-11-03T15:05:17.576Z,2025-11-03T23:04:29.869Z,420.21,$758.25,"IFTHFOUR - Proyector de luz nocturna con sensor de movimiento, lámpara LED recargable para galaxia, lámpara de luna para niños, recámara, decoración de guardería, regalo perfecto para Navidad",https://www.amazon.com.mx/dp/B0F1F3SFT6,Amazon Estados Unidos
,B0DBQDBB4Q,6,Hogar y Cocina,disponible,,2025-11-03T15:05:17.576Z,2025-11-03T23:04:38.740Z,1051.55,"$1,331.67","Yecuip - Kit de ahumador de whisky con antorcha bourbon/cóctel para regalo para papá, marido, 8 sabores, chips de madera para hombres antiguos (sin butano)",https://www.amazon.com.mx/dp/B0DBQDBB4Q,ElBazarMexicano
,B0CV7GNBB1,6,Hogar y Cocina,disponible,,2025-11-03T15:05:17.576Z,2025-11-03T23:04:46.770Z,646.27,$658.04,"Juego de 96 platos y servilletas de fiesta de playa para verano, suministros de fiesta de cumpleaños tropical, hawaiano, playa, océano, papel, vajilla hawaiana, tropical, para niños, 24 invitados",https://www.amazon.com.mx/dp/B0CV7GNBB1,KRONOS STORE
,B0CYKN1NHS,6,Hogar y Cocina,disponible,,2025-11-03T15:05:17.576Z,2025-11-03T23:04:54.859Z,3940.06,"$4,147.95","KUARBARR - Mesa de acero inoxidable para preparar y trabajar con estante inferior de 24 x 24 pulgadas, mesa de cocina comercial de metal NSF con estante inferior ajustable para restaurante, hogar,",https://www.amazon.com.mx/dp/B0CYKN1NHS,HNEN
,B0C655VWBC,6,Hogar y Cocina,disponible,,2025-11-03T15:05:17.576Z,2025-11-03T23:05:04.672Z,578.65,$653.49,"Juego de 2 cepillos de limpieza para inodoro, para baño, sin montaje y sin rascarse, mango antioxidante 304",https://www.amazon.com.mx/dp/B0C655VWBC,BELGUCAN Global
,B0CHJT9WS8,6,Hogar y Cocina,disponible,,2025-11-03T15:05:17.576Z,2025-11-03T23:05:14.728Z,885.42,$954.82,"ALELION ALEION Organizador de estación de café – Organizador de accesorios de encimera de madera con divisores extraíbles para vainas, jarabe de condimentos, tazas de té, agitadores, decoración rosa",https://www.amazon.com.mx/dp/B0CHJT9WS8,Maviburada
,B09WRRLWQC,6,Hogar y Cocina,disponible,,2025-11-03T15:05:17.576Z,2025-11-03T23:05:24.229Z,1143.67,"$1,265.26","JONES CLOCKS® - Reloj de pared (25 cm, diseño de aspecto fresco de mediados de siglo, 25 cm), color negro",https://www.amazon.com.mx/dp/B09WRRLWQC,BELGUCAN Global
,B0DRC39Q89,6,Hogar y Cocina,disponible,,2025-11-03T15:05:17.576Z,2025-11-03T23:05:33.342Z,6896.66,"$6,896.67","PVWIIK - Cama de Piso de Doble Marco con Valla, Cama Montessori con barandillas de Seguridad para niñas, niños, no Necesita somier, Color Blanco",https://www.amazon.com.mx/dp/B0DRC39Q89,TURGUTT STORE
,B0CSBGFDZ1,6,Hogar y Cocina,disponible,,2025-11-03T15:05:17.576Z,2025-11-03T23:05:41.851Z,2759.28,"$3,015.49",OFFICEROO - Estante de velocidad para panadería (10 niveles),https://www.amazon.com.mx/dp/B0CSBGFDZ1,GUTTIDIRECT
,B0D25LH3J4,6,Hogar y Cocina,disponible,,2025-11-03T15:05:17.577Z,2025-11-03T23:05:49.604Z,1789.67,"$2,044.13","Decoraciones inflables de Navidad al aire última intervensión de 6 pies, monstruo feo verde con luces LED integradas para decoración de patio para Navidad, Halloween, fiesta de día festivo",https://www.amazon.com.mx/dp/B0D25LH3J4,KARACA ST
,B0CQMW49ML,6,Hogar y Cocina,disponible,,2025-11-03T15:05:17.577Z,2025-11-03T23:05:58.361Z,728.03,$737.39,"Innmily Absorbente de olores de carbón activado, paquete grande de 12 con ganchos, eliminador de olores natural para olores fuertes, bolsas purificadoras de aire de carbón de bambú, absorbentes de hum",https://www.amazon.com.mx/dp/B0CQMW49ML,NEW AGE SHOPPING
,B0CHJQMW73,6,Hogar y Cocina,disponible,,2025-11-03T15:05:17.577Z,2025-11-03T23:06:06.482Z,1963.88,"$2,175.74","Aplique de pared de 3 luces para baño, estilo rústico, de madera, con visualización de mimbre bohemio, adecuado para recámara, pasillo y sala de estar, aplique de pared de ratán negro",https://www.amazon.com.mx/dp/B0CHJQMW73,M&H Customer Friendly Store
,B0C74T5V7R,6,Hogar y Cocina,disponible,,2025-11-03T15:05:17.577Z,2025-11-03T23:06:15.671Z,653.34,$663.80,"Encendedor eléctrico USB XJB YFC, retráctil de 27.6 pulgadas, resistente al viento y a la lluvia, adecuado para velas, barbacoas, chimeneas, etc.",https://www.amazon.com.mx/dp/B0C74T5V7R,KRONOS STORE
,B0CLXX9Y1G,6,Hogar y Cocina,disponible,,2025-11-03T15:05:29.178Z,2025-11-03T23:06:25.060Z,465.05,$487.84,"MAYKER- Polvo de ácido kójico MAYKER para hacer jabón, 60 gramos (2,1 oz) de peso neto, alta pureza> 99%.",https://www.amazon.com.mx/dp/B0CLXX9Y1G,M&H Customer Friendly Store
,B0DJY5QTF9,6,Hogar y Cocina,disponible,,2025-11-03T15:05:29.178Z,2025-11-03T23:06:32.698Z,1875.79,"$1,897.90","DoubleFill - Juego de 4 soportes de acrílico transparente de 21 pulgadas, soporte para revistas para colgar en la pared, revistero, soporte para folletos para sala de espera, sala de estar, oficina,",https://www.amazon.com.mx/dp/B0DJY5QTF9,M&H Customer Friendly Store
,B0B5H12GPF,6,Hogar y Cocina,disponible,,2025-11-03T15:05:29.178Z,2025-11-03T23:06:44.928Z,1053.32,"$1,067.97","Mowtanco - Jarrón rústico con mango y abalorio de madera bohemia, jarrón de terracota con rayas verticales para decoración clásico del hogar",https://www.amazon.com.mx/dp/B0B5H12GPF,AUTO MATE
,B09KTG5YWT,6,Hogar y Cocina,disponible,,2025-11-03T15:05:29.178Z,2025-11-03T23:06:54.787Z,799.72,$799.73,"YEAJON - Plantillas de letras de 8 pulgadas con números de símbolo, plantillas de manualidades, 42 piezas reutilizables del alfabeto, kit de plantillas entrelazadas para pintar en madera, tela, roca",https://www.amazon.com.mx/dp/B09KTG5YWT,Cosmos AP LLC
,B0CR3P928T,6,Hogar y Cocina,disponible,,2025-11-03T15:05:29.179Z,2025-11-03T23:07:02.017Z,2189.38,"$2,375.91","Amagenix - Persianas enrollables para exteriores, de polietileno de alta densidad de 220 g/m², persianas enrollables para exteriores, para cenador de porche, 8 pies de ancho x 8 pies de alto,",https://www.amazon.com.mx/dp/B0CR3P928T,Bedos Store
,B0CCT8WG3X,6,Hogar y Cocina,disponible,,2025-11-03T15:05:29.179Z,2025-11-03T23:07:10.914Z,1489.61,"$1,468.07","AMBIRD - Ganchos de pared con estante de 26.5 pulgadas, para colgar en la pared, ganchos de madera para pared con estante, perchero, soporte de pared con 5 ganchos duales, 3 ganchos para llaves y organizador de correos para llaves",https://www.amazon.com.mx/dp/B0CCT8WG3X,STOREARENS
,B0D8J9BH34,6,Hogar y Cocina,disponible,,2025-11-03T15:05:29.179Z,2025-11-03T23:07:18.113Z,1789.87,"$1,871.77","HOMCA - Almohada facial para cirugía de ojos, almohada para dormir de estómago con soporte suave, almohada de masaje casera con espuma viscoelástica triturada para cirugía de retina, no para adultos",https://www.amazon.com.mx/dp/B0D8J9BH34,IY Network
,B079YBT2LJ,6,Hogar y Cocina,disponible,,2025-11-03T15:05:29.179Z,2025-11-03T23:07:25.979Z,884.84,$914.07,Fellow Prismo Pressure-Actuated Attachment for AeroPress Coffee Maker with Reusable Filter Espresso-Style No-Drip Immersion and Cold Brew at Home,https://www.amazon.com.mx/dp/B079YBT2LJ,M&H Customer Friendly Store
,B0DM85HNNJ,6,Hogar y Cocina,disponible,,2025-11-03T15:05:29.179Z,2025-11-03T23:07:35.027Z,609.84,$638.63,"Yousoontic 4 piezas de versículos de la Biblia española para decoración de pared, placa de madera cristiana española, letrero religioso, decoración de pared, versículos de la Biblia, arte para el",https://www.amazon.com.mx/dp/B0DM85HNNJ,M&H Customer Friendly Store
,B0D8TWC6PC,6,Hogar y Cocina,disponible,,2025-11-03T15:05:29.179Z,2025-11-03T23:07:43.711Z,1466.18,"$1,521.05","Kit de fabricación de velas para adultos, kit completo de fabricación de velas, kit de fabricación de velas perfumadas con placa caliente, cera de soja, placa caliente, olla de fusión de cera y más",https://www.amazon.com.mx/dp/B0D8TWC6PC,PRCOM
,B0B769MTCH,6,Hogar y Cocina,disponible,,2025-11-03T15:05:29.179Z,2025-11-03T23:07:52.810Z,505.62,$538.18,"FAIRSKY- Tripa de embutido natural de secado comestible, tripa de embutido para embutidos caseros sabrosos, jamón, desayuno",https://www.amazon.com.mx/dp/B0B769MTCH,Rendomin
,B0BX2NXZCN,6,Hogar y Cocina,disponible,,2025-11-03T15:05:29.179Z,2025-11-03T23:07:59.622Z,818.97,$854.38,"Kits completos de fabricación de velas para adultos principiantes, suministros para hacer velas de bricolaje incluyen cera de soja, derretimiento de cera, aromas, tintes, mechas, calcomanías de mechas",https://www.amazon.com.mx/dp/B0BX2NXZCN,M&H Customer Friendly Store
,B0973DDH1F,6,Hogar y Cocina,disponible,,2025-11-03T15:05:29.180Z,2025-11-03T23:08:08.535Z,852.42,"$1,116.40","25 bolsas de almacenamiento al vacío, bolsas de almacenamiento de compresión para ropa, edredones y cobijas, bomba de mano incluida (5 jumbo, 5 grandes, 5 medianas, 5 pequeñas y 5 enrollables)",https://www.amazon.com.mx/dp/B0973DDH1F,Amazon Estados Unidos
,B0CPHVT1YB,6,Hogar y Cocina,disponible,,2025-11-03T15:05:29.180Z,2025-11-03T23:08:16.597Z,3711.48,"$3,895.28","BERYTH - Silla de oficina en casa sin brazos con ruedas, silla de computadora pequeña de altura ajustable, silla de computadora de piel sintético con respaldo medio de 360 grados, silla de nogal",https://www.amazon.com.mx/dp/B0CPHVT1YB,HNEN
,B0DG91RXN6,6,Hogar y Cocina,disponible,,2025-11-03T15:05:29.180Z,2025-11-03T23:08:25.645Z,621.97,$688.97,"VASTHOME - Cable de repuesto para freidora eléctrica Hamilton Beach, Masterbuilt, Butterball, Farberware, Secura - Pieza de repuesto para cable de alimentación plano de 16 AWG",https://www.amazon.com.mx/dp/B0DG91RXN6,DUKKI LLC
,B0BB785LKB,6,Hogar y Cocina,disponible,,2025-11-03T15:05:43.870Z,2025-11-03T23:08:33.346Z,2540.31,"$2,542.28","Arora FLACKAR - Juego de vajilla cuadrada de 16 piezas para 4, platos de cena, platos laterales, cuencos de cereales, tazas, esmalte reactivo gris (477653)",https://www.amazon.com.mx/dp/B0BB785LKB,GREENJIN
,B0D9J6QPTK,6,Hogar y Cocina,disponible,,2025-11-03T15:05:43.870Z,2025-11-03T23:08:42.580Z,821.66,$821.67,"Juego de 8 posavasos de madera para bebidas, posavasos absorbentes Minacun, para protección de mesa de centro, antideslizantes, antiadherentes, adecuados para tipos de tazas de mesa de madera, 4.3",https://www.amazon.com.mx/dp/B0D9J6QPTK,LIVAKOZ
,B0915DB189,6,Hogar y Cocina,disponible,,2025-11-03T15:05:43.870Z,2025-11-03T23:08:50.867Z,552.7,$626.16,"Faber-Castell Perfect Pencil 9000 - Recambio de 3 unidades, plomo #2, sacapuntas y extensor (paquete de 1)",https://www.amazon.com.mx/dp/B0915DB189,GUTTIDIRECT
,B0F5VCMRRX,6,Hogar y Cocina,disponible,,2025-11-03T15:05:43.870Z,2025-11-03T23:08:58.126Z,520.77,$529.07,"UJPFEO - Almohada de rodilla para dormir de lado, almohada de pierna refrescante para ciática, rodillas, espalda, articulaciones entre piernas, alivio del dolor de cadera cuando duerme de lado",https://www.amazon.com.mx/dp/B0F5VCMRRX,Cosmos AP LLC
,B0CKFFMGC3,6,Hogar y Cocina,disponible,,2025-11-03T15:05:43.870Z,2025-11-03T23:09:06.130Z,765.04,$808.83,"Artwork Craft - Marco de fotos de hueso Chevron inspirado en el arte de espiga, clásico para decoración de mesa/pared (6 x 4, café, blanco)",https://www.amazon.com.mx/dp/B0CKFFMGC3,SRKSB LLC
,B0DLKZGVD1,6,Hogar y Cocina,disponible,,2025-11-03T15:05:43.870Z,2025-11-03T23:09:14.395Z,550.64,$550.65,"Sdanart - Pinceles profesionales de acuarela, 6 piezas, pinceles de acuarela para pintura, pincel ovalado de lengua de gato, daga, pincel de acuarela de punta redonda para acuarela, acrílico de color",https://www.amazon.com.mx/dp/B0DLKZGVD1,Dapperdeals
,B0BXDQNJY1,6,Hogar y Cocina,disponible,,2025-11-03T15:05:43.870Z,2025-11-03T23:09:22.043Z,3229.78,"$3,529.94","Juego de 2 mesitas de noche flotantes modernas con cajón y estante abierto, cubito pequeño mesita de noche con estación de carga montada en la pared, juego de 2 mesitas de noche para recámara gris",https://www.amazon.com.mx/dp/B0BXDQNJY1,SUPLEMENTOS-AS (FACTURAMOS)
,B0C9951Y2V,6,Hogar y Cocina,disponible,,2025-11-03T15:05:43.870Z,2025-11-03T23:09:34.342Z,1123.25,"$1,245.37",ErgoFocus - Soporte de monitor dual con almacenamiento de teclado,https://www.amazon.com.mx/dp/B0C9951Y2V,M&H Customer Friendly Store
,B00GA07HAK,6,Hogar y Cocina,disponible,,2025-11-03T15:05:43.870Z,2025-11-03T23:09:44.128Z,1380.86,"$1,405.98","VEGAN MILKER CLASSIC (by Chufamix), utensilio para hacer leches vegetales con cualquier semilla. Elabora 1 litro en 1 minuto. Hecho en España. Ver video y libro de Recetas gratis en la web Vegan Milker",https://www.amazon.com.mx/dp/B00GA07HAK,qiuxushenzen8511xdsw
,B0D8TFHH3F,6,Hogar y Cocina,disponible,,2025-11-03T15:05:43.871Z,2025-11-03T23:09:52.679Z,992.35,"$1,067.97","KLM - Estante de exhibición para botellas de licor, organizador de jarabe de café, estante de vino para encimera de 3 pasos, mini bar, estante retro para whisky, licores",https://www.amazon.com.mx/dp/B0D8TFHH3F,NEW AGE SHOPPING
,B0DKTBBKR8,6,Hogar y Cocina,disponible,,2025-11-03T15:05:43.871Z,2025-11-03T23:10:01.428Z,1601.36,"$1,645.71","CroBlissful - Juego de 2 soportes para cajas de almacenamiento de CD de madera con asas de transporte, estante organizador para fundas de películas, DVD, cada juego puede almacenar hasta 36 unidades",https://www.amazon.com.mx/dp/B0DKTBBKR8,CANLI TRADE
,B09QSXXD78,6,Hogar y Cocina,disponible,,2025-11-03T15:05:43.871Z,2025-11-03T23:10:11.103Z,2885.48,"$3,039.94","Vesoda Mesa de altar de meditación – 21 x 7.5 x 6 pulgadas hecha a mano – Mesa pequeña para relajación, oración – Mesa de meditación de altar de Santuario de Buda hecha de madera de mango maciza y rica",https://www.amazon.com.mx/dp/B09QSXXD78,HNEN
,B09B37KF4K,6,Hogar y Cocina,disponible,,2025-11-03T15:05:43.871Z,2025-11-03T23:10:19.375Z,1344.5,"$1,365.71","Kit de accesorios de decoración de resina, kit de suministros para principiantes, con flores secas, calcomanías de mariposa, polvo de mica y rellenos, kit de herramientas de tazas de medición, para",https://www.amazon.com.mx/dp/B09B37KF4K,NEW AGE SHOPPING
,B0DFW43B44,6,Hogar y Cocina,disponible,,2025-11-03T15:05:43.871Z,2025-11-03T23:10:28.006Z,3052.88,"$3,357.10","ThermoMaven - Termómetro inalámbrico Bluetooth para carne, base no empotrado, termómetro WiFi inteligente con Sub-1G, 6 sensores de precisión certificada NIST, 2 sondas, para barbacoa, parrilla,",https://www.amazon.com.mx/dp/B0DFW43B44,BROWN LEAVES LLC
,B0CRB6JP57,6,Hogar y Cocina,disponible,,2025-11-03T15:05:43.871Z,2025-11-03T23:10:35.517Z,1432.12,"$1,464.48","PureSwan - Alfombra de baño extra larga y grande, tapete de baño de felpilla gruesa absorbente y lavable, alfombra antideslizante para baño, fregadero, color azul real, 36 x 60 pulgadas",https://www.amazon.com.mx/dp/B0CRB6JP57,Rendosa
,B0BSNL92NZ,6,Hogar y Cocina,disponible,,2025-11-03T15:05:55.846Z,2025-11-03T23:10:46.046Z,1644.74,"$1,776.12",MAHANCRIS Soporte para impresora PTHB40E01,https://www.amazon.com.mx/dp/B0BSNL92NZ,Rendosa
,B0CPB964SJ,6,Hogar y Cocina,disponible,,2025-11-03T15:05:55.846Z,2025-11-03T23:10:55.187Z,681.08,$714.14,"Juego de 15 sellos de goma de madera religiosa cristiana CUweipeng para manualidades de 15 unidades, sellos de goma de Dios es amor, almohadillas para orejas de tinta para niños, sellos de domingo",https://www.amazon.com.mx/dp/B0CPB964SJ,SRKSB LLC
,B0DRCT94VY,6,Hogar y Cocina,disponible,,2025-11-03T15:05:55.846Z,2025-11-03T23:11:04.796Z,1149.11,"$1,236.02","Vercraft - Juego de 25 abanicos plegables a mano con bolsas de organza, flores azules, regalos de boda para invitados, abanicos de papel plegables clásico para despedida de soltera, boda, dama de",https://www.amazon.com.mx/dp/B0DRCT94VY,BELGUCAN Global
,B0D8TQWB5W,6,Hogar y Cocina,disponible,,2025-11-03T15:05:55.846Z,2025-11-03T23:11:13.140Z,675.8,$733.56,"Juego de 12 velas cónicas multicolor de 10 pulgadas para cenas, velas largas sin perfume, sin goteo y sin humo, 7-8 horas de combustión",https://www.amazon.com.mx/dp/B0D8TQWB5W,BELGUCAN Global
,B09XM3BNZY,6,Hogar y Cocina,disponible,,2025-11-03T15:05:55.846Z,2025-11-03T23:11:22.059Z,751.31,$909.27,"hobbyworker The Second Generation - Kit de telar de abalorio ajustable con abalorio de semillas, aguja de abalorio curvada de ojo grande, bandeja de embudo, cierre de langosta, anillo abierto y tapete",https://www.amazon.com.mx/dp/B09XM3BNZY,Amazon Estados Unidos
,B0B5NZYVZ2,6,Hogar y Cocina,disponible,,2025-11-03T15:05:55.846Z,2025-11-03T23:11:29.669Z,735.93,$915.03,"QIRDLP - Paquete de batería para enfriar insulina, todo tipo, paquete de batería totalmente nuevo, 10200 mAh",https://www.amazon.com.mx/dp/B0B5NZYVZ2,Amazon Estados Unidos
,B071D7WQ6X,6,Hogar y Cocina,disponible,,2025-11-03T15:05:55.847Z,2025-11-03T23:11:36.825Z,750.22,$758.49,"nicetown Espacio inspirado Night Sky Twinkle Star Kid habitación de cortina, Creative Nursery Blackout ventana Cortinas para habitación, Moderno, Turquoise, 1",https://www.amazon.com.mx/dp/B071D7WQ6X,LogiFix
,B0B5DQZLZ8,6,Hogar y Cocina,disponible,,2025-11-03T15:05:55.847Z,2025-11-03T23:11:46.793Z,1646.67,"$1,646.67","ESRICH Juego de pintura acrílica, 64 piezas de suministros de pintura con caballete de madera, pinceles, pintura acrílica de 36 colores, lienzos, paleta, cuchillos de pintura, etc., kit de pintura",https://www.amazon.com.mx/dp/B0B5DQZLZ8,SHENDULLAR LTD
,B0DWFLCGMY,6,Hogar y Cocina,disponible,,2025-11-03T15:05:55.847Z,2025-11-03T23:11:55.113Z,845.86,"$1,216.84","LUXULISH - Juego de 6 copas de vino cuadradas acanaladas, clásico, de 13 onzas, copas de vino de vidrio soplado a mano, regalos para mujeres, hombres, boda, aniversario, Navidad, cumpleaños",https://www.amazon.com.mx/dp/B0DWFLCGMY,Amazon Estados Unidos
,B0CJPN3TC5,6,Hogar y Cocina,disponible,,2025-11-03T15:05:55.847Z,2025-11-03T23:12:02.786Z,599.92,$808.83,"Bandeja de sello de hielo transparente, cócteles personalizados, moldes de hielo modernos para whisky en 5 segundos, accesorios de camarero para cócteles de hielo transparentes, whisky, bourbon",https://www.amazon.com.mx/dp/B0CJPN3TC5,Amazon Estados Unidos
,B07MPKKFFR,6,Hogar y Cocina,disponible,,2025-11-03T15:05:55.847Z,2025-11-03T23:12:11.726Z,659.95,"$1,055.27","Nordicware 93748 Molde 16 Mini Pan, Aluminio, Gris, 700 ml",https://www.amazon.com.mx/dp/B07MPKKFFR,Amazon Estados Unidos
,B0DFLF7F95,6,Hogar y Cocina,disponible,,2025-11-03T15:05:55.847Z,2025-11-03T23:12:20.158Z,1202.55,"$1,319.20","bscsqld 304 placa de corte de acero inoxidable Tabla de cortar de acero inoxidable con labios. Tabla de cortar grande adecuada para carne, frutas, verduras, pan y hornear. (Acero inoxidable, 19.7",https://www.amazon.com.mx/dp/B0DFLF7F95,Amazon Estados Unidos
,B0CZHNP2S8,6,Hogar y Cocina,disponible,,2025-11-03T15:06:05.107Z,2025-11-19T00:30:58.284Z,1289.73,"$1,331.67","MUXHOMO - Juego de funda de edredón reversible con diseño floral gris oscuro con cierre de cierre, 3 piezas con patrones botánicos, juego de ropa de cama de microfibra suave con 4 lazos (90 x 90",https://www.amazon.com.mx/dp/B0CZHNP2S8,HAINs
,B0BGYXGLTY,6,Hogar y Cocina,disponible,,2025-11-03T15:06:05.107Z,2025-11-19T00:31:09.913Z,1276.6,"$1,344.37","Makuvine - Soporte de corcho de vino de metal rústico grande en soporte de madera, contenedor para exhibición, decoración del hogar, regalos de inauguración de la casa, decoración de bar del hogar",https://www.amazon.com.mx/dp/B0BGYXGLTY,HNEN
,B000EHCTQC,6,Hogar y Cocina,disponible,,2025-11-03T15:06:05.107Z,2025-11-19T00:31:18.776Z,683.81,$682.95,Golden Artist Colors GOLDEN : Heavy Gel : Gloss : 236ml,https://www.amazon.com.mx/dp/B000EHCTQC,GREENJIN
,B0C3D9DJ4K,6,Hogar y Cocina,disponible,,2025-11-03T15:06:05.107Z,2025-11-19T00:31:27.892Z,4172.09,"$3,734.66","QUTWOB - Ventilador de techo de madera de 52 pulgadas con control remoto de luces, motor CC silencioso, ventiladores de techo de 3 hojas para patio, sala de estar, recámara, oficina, interiores y",https://www.amazon.com.mx/dp/B0C3D9DJ4K,Bedos Store
,B002FB4AH6,6,Hogar y Cocina,disponible,,2025-11-03T15:06:05.108Z,2025-11-19T00:31:36.429Z,534.4,$389.42,Moen P5030 - Gancho para albornoz (cromado),https://www.amazon.com.mx/dp/B002FB4AH6,BANDR STORE
,B0F38NTZXS,6,Hogar y Cocina,disponible,,2025-11-03T15:06:05.108Z,2025-11-19T00:31:44.496Z,305.97,$452.84,"500 pompones para manualidades, pompones en colores surtidos brillantes y atrevidos, pompones para artes y manualidades, varios tamaños",https://www.amazon.com.mx/dp/B0F38NTZXS,Amazon Estados Unidos
,B0CF48V8FM,6,Hogar y Cocina,disponible,,2025-11-03T15:06:05.108Z,2025-11-19T00:31:52.240Z,676.22,$716.30,"Rudyard Kipling - lona enmarcado inspirador para pared, diseño de poema, decoración de pared con texto en inglés «If Poem»",https://www.amazon.com.mx/dp/B0CF48V8FM,SHERIFF EXPRESS
,B0B59J7V21,6,Hogar y Cocina,disponible,,2025-11-03T15:06:05.108Z,2025-11-19T00:32:00.182Z,956.3,"$1,114.48","Luces de camino de Navidad Jumbo C9 para exteriores – 8.5 pies, 5 luces LED C9 para pasarela, cubierta de luz C7 Jumbo multicolor, luces de Navidad para decoración al aire última intervensión para",https://www.amazon.com.mx/dp/B0B59J7V21,SellerBig
,B0B519YBQ4,6,Hogar y Cocina,disponible,,2025-11-03T15:06:05.108Z,2025-11-19T00:32:10.124Z,951.37,"$1,253.76","Bandeja de tina de alta calidad, bandeja de baño expandible, regalos únicos para calentar la casa, regalos de nuevo hogar, aniversario y boda para pareja, regalo de despedida de soltera para mujeres",https://www.amazon.com.mx/dp/B0B519YBQ4,Red Pure
,B0BQF4W8PF,6,Hogar y Cocina,disponible,,2025-11-03T15:06:05.108Z,2025-11-19T00:32:19.094Z,999,$967.77,"YATINEY Lazy Susan - Organizador giratorio para especias, organizador giratorio de especias de 2 niveles, soporte para especias industrial, para encimera de cocina y gabinete, compacto y versátil,",https://www.amazon.com.mx/dp/B0BQF4W8PF,Planeta Verde
,B0CRH6LFH6,6,Hogar y Cocina,disponible,,2025-11-03T15:06:05.108Z,2025-11-19T00:32:28.496Z,3731.35,"$4,996.09","Acosure - Cama de metal de tamaño individual con soporte para techo y listones, diseño de casa de juegos, marco de cama Montessori con cabecero y estribo, no necesita somier, para niños y niñas, color",https://www.amazon.com.mx/dp/B0CRH6LFH6,SURE_FIRE
,B0C66G5Q7R,6,Hogar y Cocina,disponible,,2025-11-03T15:06:05.108Z,2025-11-19T00:32:37.179Z,631.26,$688.97,"Ginzis - Molinillo de hierbas 3 en 1 - Molinillo portátil y relleno de cono, máquina rodante todo en uno y almacenamiento de cono fácil de viajar, incluye 8 conos prelaminados filtrados por carbono",https://www.amazon.com.mx/dp/B0C66G5Q7R,SRKSB LLC
,B0DZN7C1MK,6,Hogar y Cocina,disponible,,2025-11-03T15:06:05.109Z,2025-11-19T00:32:46.946Z,851.88,$884.10,"Axeman - Marcos de fotos de madera maciza de nogal de 6 x 8 pulgadas, con vidrio templado para colgar en la pared y exhibición de mesa, marco de fotos de madera clásico con esquinas redondeadas",https://www.amazon.com.mx/dp/B0DZN7C1MK,TASBLENDS
,B0DN9YK14N,6,Hogar y Cocina,disponible,,2025-11-03T15:06:05.109Z,2025-11-19T00:32:56.051Z,696.17,$728.76,"HQCHOOSE - Organizador de colonia de madera para hombre, 4 niveles de 12.8 pulgadas, soporte de exhibición de perfume de nogal negro, estante de baño, decoración de recámara para mujer, soporte de",https://www.amazon.com.mx/dp/B0DN9YK14N,Novayu
,B09FTKLDJC,6,Hogar y Cocina,disponible,,2025-11-03T15:06:05.109Z,2025-11-19T00:33:04.621Z,2122.8,"$2,249.33","Tabla de cortar de madera mediana de arce canadiense, un bloque de carnicero que viene con ranura de jugo para cortar carne y verduras jugosas fácilmente, tabla de cortar de arce, 40,6 x 30,4 x 3,8 cm",https://www.amazon.com.mx/dp/B09FTKLDJC,KSA MX
,B0872HH969,6,Hogar y Cocina,disponible,,2025-11-03T15:06:05.109Z,2025-11-19T00:33:13.377Z,1579.01,"$1,998.10","X3 Mop Flat Mop and Bucket System, Hands Free Self Cleaning System, 3 Chamber Design, 3 Washable & Reusable Microfiber Pads",https://www.amazon.com.mx/dp/B0872HH969,Amazon Estados Unidos
,B0D3WTHC5S,6,Hogar y Cocina,disponible,,2025-11-03T15:06:15.009Z,2025-11-19T00:33:21.665Z,875.58,"$1,412.46","Northriver - Pan de hierro fundido de 9 x 5 pulgadas con tapa, charola para hornear pan, distribución uniforme del calor para pan casero, pastel y pan de carne, juego de 2 piezas",https://www.amazon.com.mx/dp/B0D3WTHC5S,Amazon Estados Unidos
,B0F83JCHKJ,6,Hogar y Cocina,disponible,,2025-11-03T15:06:15.009Z,2025-11-19T00:33:28.772Z,1114.34,"$1,392.80","Almohada cervical para aliviar el dolor de cuello, almohada ergonómica para dormir de lado para adultos, almohada de contorno de cuello de espuma viscoelástica refrescante, almohada ortopédica para",https://www.amazon.com.mx/dp/B0F83JCHKJ,BETTY ST CO
,B0CFZYWFCN,6,Hogar y Cocina,disponible,,2025-11-03T15:06:15.010Z,2025-11-19T00:33:37.805Z,1354.57,"$1,392.80","Estantería de repisas flotantes, juego de 2, estantes flotantes de 36 pulgadas para almacenamiento de juguetes, estantería para niños montada en la pared para sala de estar, recámara, marcos de fotos,",https://www.amazon.com.mx/dp/B0CFZYWFCN,HNEN
,B0DPW54FB6,6,Hogar y Cocina,disponible,,2025-11-03T15:06:15.010Z,2025-11-19T00:33:45.524Z,728.07,$758.49,"Mova Solución De Limpieza De Pisos Para K30, K30Mix Fórmula De Limpieza Profunda Para Múltiples Pisos Duros Trapeador De Vacío En Seco Y Húmedo Inalámbrico Perfecto(16,9 Fl Oz) 16,9 Onzas Líquidas(Paq",https://www.amazon.com.mx/dp/B0DPW54FB6,TASBLENDS
,B000I5MNNO,6,Hogar y Cocina,disponible,,2025-11-03T15:06:15.010Z,2025-11-19T00:45:17.272Z,1017.01,"$1,123.83","Faber-Castel FC128272 Creative Studio Soft Pastel Crayons (72 Pack), Assorted",https://www.amazon.com.mx/dp/B000I5MNNO,Japan-Home
,B0CRDLLVLK,6,Hogar y Cocina,disponible,,2025-11-03T15:06:15.010Z,2025-11-19T00:45:25.407Z,487.21,$500.54,"UCC Premium cera derretida, variedad de fragancias derretidas, cubos perfumados de cera de soja, cubos de cera natural a base de plantas altamente perfumadas, 4 unidades",https://www.amazon.com.mx/dp/B0CRDLLVLK,SRKSB LLC
,B0D5WNCBS7,6,Hogar y Cocina,disponible,,2025-11-03T15:06:15.010Z,2025-11-19T00:45:34.098Z,570.51,$551.50,"10 tallos de eucalipto secos para ducha, 17 pulgadas, hojas de eucalipto conservadas naturales naturales, paquete de plantas de eucalipto frescas para el hogar, spa, baño, boda, jarrón de pared,",https://www.amazon.com.mx/dp/B0D5WNCBS7,GREENJIN
,B000R9U3OW,6,Hogar y Cocina,disponible,,2025-11-03T15:06:15.011Z,2025-11-19T00:45:41.883Z,732.36,$732.12,"Vallejo Capa de imprimación 028010, Color Blanco, 400ML",https://www.amazon.com.mx/dp/B000R9U3OW,RAIF SEN STORE
,B0CMWLVJGT,6,Hogar y Cocina,disponible,,2025-11-03T15:06:15.011Z,2025-11-19T00:45:50.389Z,1359.15,"$1,415.33","CZZGSM - Paquete de 6 tarros cuadrados de vidrio para cocina con tapas herméticas de bambú y 132 etiquetas de despensa, recipientes de vidrio de 34 onzas con tapas de madera, recipientes de",https://www.amazon.com.mx/dp/B0CMWLVJGT,HNEN
,B0DLL736MB,6,Hogar y Cocina,disponible,,2025-11-03T15:06:25.091Z,2025-11-19T00:45:59.370Z,1343.1,"$1,851.39",OLEEK - Hojas de acero para pizza para horno - Hojas de acero para hornear metal para horno - Acero para pizza 16 x 13.4 pulgadas - Piedra para pizza de acero para horno - Acero para hornear pizza,https://www.amazon.com.mx/dp/B0DLL736MB,Amazon Estados Unidos
,B0FC62N2T4,6,Hogar y Cocina,disponible,,2025-11-03T15:06:25.091Z,2025-11-19T00:46:07.394Z,437.42,$557.60,"Kuyuayee - Felpudo de bienvenida de esqueleto de Halloween de 30 x 17 pulgadas, diseño de calavera espeluznante para puerta delantera para interiores y exteriores, antideslizante, lavable, para",https://www.amazon.com.mx/dp/B0FC62N2T4,Amazon Estados Unidos
,B0DLKBFHC1,6,Hogar y Cocina,disponible,,2025-11-03T15:06:25.091Z,2025-11-19T00:46:15.155Z,1254.06,"$1,216.84","TEAKAURA - Taburete de ducha de teca, banco de ducha de teca, reposapiés de ducha de 12 pulgadas para afeitar, banco de ducha de esquina de teca impermeable, taburete organizador de teca, asiento de",https://www.amazon.com.mx/dp/B0DLKBFHC1,SURE_FIRE
,B0DJWCLXFJ,6,Hogar y Cocina,disponible,,2025-11-03T15:06:25.091Z,2025-11-19T00:46:24.821Z,414.3,$457.81,"JuyVerq - Rodillo de madera (15.75 pulgadas), rodillo antiadherente para hornear, rodillo de masa de madera de sapele natural para pizza, fondant, tarta, galletas, pastelería, herramienta esencial de",https://www.amazon.com.mx/dp/B0DJWCLXFJ,HNEN
,B0BZ18CB8V,6,Hogar y Cocina,disponible,,2025-11-03T15:06:25.091Z,2025-11-19T00:46:33.573Z,1588.95,"$1,750.23","Relx Soporte para letreros de marco A para exteriores, letreros de acera para negocios al aire última intervensión, soporte para tablas de sándwich (solo soporte",https://www.amazon.com.mx/dp/B0BZ18CB8V,SHERIFF EXPRESS
,B07Z4GQTPY,6,Hogar y Cocina,disponible,,2025-11-03T15:06:25.091Z,2025-11-19T00:46:41.405Z,5358.74,"$6,816.56","SPSUPE - Árbol de Navidad Artificial de PVC de Alta Calidad, con Soporte de Metal sólido, Ideal para Interiores y Exteriores (9 pies), Color Blanco",https://www.amazon.com.mx/dp/B07Z4GQTPY,SEONGSAN
,B0D45CLSR1,6,Hogar y Cocina,disponible,,2025-11-03T15:06:25.091Z,2025-11-19T00:46:49.891Z,632.01,$658.04,"Ganbaro - Kit de calcomanía y barniz de hojas doradas, 100 ml cada una, 100 hojas de oro, 2 pinceles para manualidades, pintura y artes",https://www.amazon.com.mx/dp/B0D45CLSR1,SURE_FIRE
,B0CB3BLK8N,6,Hogar y Cocina,disponible,,2025-11-03T15:06:25.092Z,2025-11-19T00:46:57.986Z,3644.1,"$3,984.94","Barra desplegable para clóset, capacidad de carga de 60 libras, acero inoxidable ajustable de 35 a 46 pulgadas, organizador de rieles de elevación para colgar ropa, lateral y trasera de dos vías",https://www.amazon.com.mx/dp/B0CB3BLK8N,SHERIFF EXPRESS
,B0DPMKQM51,6,Hogar y Cocina,disponible,,2025-11-03T15:06:25.092Z,2025-11-19T00:47:07.878Z,1049.95,"$1,039.20",LukieBoee - Cortador de pan para masa madre y pan casero,https://www.amazon.com.mx/dp/B0DPMKQM51,HNEN
,B0BJPFHC5F,6,Hogar y Cocina,disponible,,2025-11-03T15:06:25.092Z,2025-11-19T00:47:16.595Z,648.28,$708.39,"Libro de visitas de boda con papel de aluminio dorado, 17.78 x 22.86 cm, bolígrafo y letrero de mesa incluido, libro de registro de resgistry para boda, despedida de soltera, baby shower, graduación,",https://www.amazon.com.mx/dp/B0BJPFHC5F,REYNA STORE
,B077MC4KWX,6,Hogar y Cocina,disponible,,2025-11-03T15:06:25.092Z,2025-11-19T00:47:24.800Z,859.09,$873.16,"Titan Laboratories Glass Gleam Solar – Limpiador de paneles solares, altamente concentrado, 1 galón hace 500 galones de producto RTU (1 cuarto de galón)",https://www.amazon.com.mx/dp/B077MC4KWX,LogiFix
,B0CRD9MDZS,6,Hogar y Cocina,disponible,,2025-11-03T15:06:25.092Z,2025-11-19T00:47:32.683Z,453.2,$538.18,"Fairy's Gift Boy Mom Era - Taza de café helado, bonitos regalos para mamá nueva, tazas de café de 16 onzas con tapas, pajitas, regalo de cumpleaños de madre, regalo para mamá embarazada, mamá por",https://www.amazon.com.mx/dp/B0CRD9MDZS,Amazon Estados Unidos
,B0C98XDB2L,6,Hogar y Cocina,disponible,,2025-11-03T15:06:25.092Z,2025-11-19T00:47:41.104Z,3531.81,"$3,723.49","VooBang - Espejo de baño de 30 x 48 Pulgadas, Espejo de Pared con Marco Profundo, Moderno Espejo de Cambiador de Esquina Redonda para recámara, Sala de Estar, Colgante o Inclinado Horizontal o",https://www.amazon.com.mx/dp/B0C98XDB2L,HAINs
,B0DNQ4YGYW,6,Hogar y Cocina,disponible,,2025-11-03T15:06:25.092Z,2025-11-19T00:47:48.999Z,1761.87,"$1,797.21","ACEANEA Base de Silla Giratoria de 24 Pulgadas, Estilo Tradicional, Negro, Acero, Gira 360 Grados, Adecuado para Sofás y Relajación",https://www.amazon.com.mx/dp/B0DNQ4YGYW,ShopVısta
,B003U31MXS,6,Hogar y Cocina,disponible,,2025-11-03T15:06:25.092Z,2025-11-19T00:47:56.291Z,2341.59,"$2,532.45","Nest Fragances Vela de 3 mechas, Bamboo, 229 g",https://www.amazon.com.mx/dp/B003U31MXS,IY Network
,B0DLGBNY1J,6,Hogar y Cocina,disponible,,2025-11-03T15:06:25.093Z,2025-11-19T00:59:25.069Z,4327.97,"$4,812.70","Jocoevol Mesa de Comedor Redonda para 4 Personas, Mesa de Pedestal Circular para Cocina, Comedor, Mesa de Pedestal, Ahorro de Espacio, Muebles de Cocina y Comedor de Madera (clásico, 42 Pulgadas)",https://www.amazon.com.mx/dp/B0DLGBNY1J,TASBLENDS
,B0C6MGGNHS,6,Hogar y Cocina,disponible,,2025-11-03T15:06:38.286Z,2025-11-19T00:59:33.192Z,999.93,"$1,166.26","Juego de espátulas de acero inoxidable para pescado y carne, espátula pequeña y grande, espátula de acero inoxidable, 5 años de repuesto",https://www.amazon.com.mx/dp/B0C6MGGNHS,Amazon Europa
,B072QCCTMW,6,Hogar y Cocina,disponible,,2025-11-03T15:06:38.286Z,2025-11-19T00:59:42.674Z,717.76,$739.07,"Rosario de Madera Natural santificado con abalorio de Mezcla Sagrada súper Gigante, Cruz de Jesús, XL, Grande, 42 Pulgadas, Rosario de Pared",https://www.amazon.com.mx/dp/B072QCCTMW,M&H Customer Friendly Store