"asin","precio_actual_mx","precio_actual_usd","price","title","vendedor_actual_mx","vendedor_actual_usa","precio_sugerido","precio_competitivo"
"B0DDSTCWLV","3197","69.99","$3,411.52","REIBII - Estantería de metal de 5 niveles para almacenamiento de despensa, estante ajustable de alambre de metal con bloqueadores laterales de 59 pulgadas de alto, estante de almacenamiento de pie con","ShoppinGoods MX","REIBII-Direct","3239.69","3189.69"
"B0D9VM2QP3","5704","129.99","$6,335.46","GarveeHome - Almacenamiento de Vestir para niñas con luz y Espejo, clóset para niños con Perchero y contenedor de Almacenamiento, Color Rosa","Balkan Store 59","","5747.09","5697.09"
"B0F53HFR94","497","4.79","$659.19","7 divisores de tamaño de clóset de bebé, organizador de clóset de bebé de doble cara, adorable colgador divisor, decoración de guardería para colgar ropa, guardería, guardarropa, armarios, habitación","CRAZYBIG STORE","goes well","514.98","464.98"
"B0F26ZVGL2","706","9.99","$849.87","THJ - Organizador de lazo para colgar para el cabello, pinzas para el cabello, lazos para el cabello para niñas, diseño bohemio de arco iris, pinzas para el cabello para la cabeza, para habitación de","Sky Direct LLC","CHENMD","732.29","682.29"
"B0FF23QQVS","787","11.99","$844.56","Puacino - Juego de 2 fundas de almohada para Halloween, 18 x 18 pulgadas, diseño de cuervo y calabaza, estampado de doble cara, fundas de cojín decorativas para sofá cama, decoración rústica gótica de","MrsWhite","Puacino","815.87","765.87"
"B0F9DWDFTX","1796","36.09","$1,863.38","Almohadas de lectura para sentarse en la cama para adultos, almohada de espalda para cama sentada, almohadas de marido con espuma triturada para adultos y adolescentes, almohada de apoyo para respaldo","STOREARENS","IASEAHK","1823.01","1773.01"
"B079TZ86RD","1049","17.9","$1,112.94","ipackboxes – tamaño Queen colchón bolsa – Paquete de 2 – 60 x 10 x 90 – 2 mil de grosor","Marca: iPackBoxes","HealthandOutdoors","1062.85","1012.85"
"B0FJMBJRPJ","1965","39.99","$2,164.12","SHWWQUE - Organizador de juguetes de madera con ruedas, 54 pulgadas de alto, ahorro de espacio, almacenamiento de zoológico con banda elástica, jaula de juguete de gran capacidad para salas de juegos","A_DEM","SHWWQUE","1985.99","1935.99"
"B0DRJCT8VQ","1566","29.99","$1,549.21","facdiwok Carro rodante de 3 niveles, de malla resistente al óxido, con ruedas y 4 ganchos laterales, montaje sin herramientas, para cocina, baño, lavandería, sala de estar, despensa, recámara","NISAN GLOBAL","Facdiwok Shop","1568.09","1518.09"
"B0D4QVTH35","787","11.99","$844.56","LUVADIAN - Arte de pared de cocina, bonito marco para colgar pósteres, decoración de pared, 12 x 16 pulgadas","MrsWhite","wuwenfan01","815.87","765.87"
"B0F8NQDFWV","1085","18.99","$1,101.86","SARISUN Almohadas de viaje para aviones, combo de almohada de avión con máscara de ojos 3D para un vuelo largo, soporte de 360°, soporte para dormir en la cabeza, reposacabezas de avión para dormir","DEVRANSTORE","SARISUN","1108.40","1058.40"