"asin","precio_actual_mx","precio_actual_usd","price","title","vendedor_actual_mx","vendedor_actual_usa","precio_sugerido"
"B07L57MTF6","3857.26","139.99","$3,699.03","Convertidor de voltaje de 120 V a 100 V, 1600 vatios, convertidor de voltaje toroidal reducido para electrodomésticos japoneses utilizados en Estados Unidos [certificado CE, CQC]","SEONGSAN","UMISOUND","6164.99"
"B0FHZC54QZ","858.61","22.99","$806.94","Hoja de diamante de 4.5 pulgadas para corte de azulejos, hoja de corte en seco ultrafina sin astillar, se adapta a amoladora angular para mármol, cerámica, azulejos de porcelana","TIME OF SHOP","LOZLIN TOOLS","1275.56"
"B0DQPPFJMW","537.36","11.99","$550.29","LaienSafety - Chaleco reflectante de seguridad para hombres y mujeres, chaleco de construcción de malla de alta visibilidad, cumple con las normas ANSI/ISEA","M&H Customer Friendly Store","Ekkosafety","815.87"
"B0F4QGWVFN","1370.72","45.99","$1,369.21","Ventilador de escape de baño de 3 velocidades con sensor de humedad y control remoto, temporizador, control de humedad y temperatura, silencioso mejorado ventilador de baño de 2600 RPM para ático","SHERIFF EXPRESS","MUYIStore","2236.73"
"B0BMWFT69M","1440.11","49.95","$1,445.26","EZ Outlet Extensor de toma de corriente eléctrica Acceso a salidas difíciles de alcanzar. Cuenta con USB-A, USB-C y 2 salidas de CA, se extiende de 22 a 34 pulgadas, gira 180°. Uso detrás de sofás,","Amazon Estados Unidos","WatchdogProducts","2402.22"
"B0DQ599TVR","564.01","12.56","$563.11","TECSIX - Adaptador de viaje universal en todo el mundo, adaptador de enchufe europeo con 2 USB C, 2 salidas USB A y múltiples CA, convertidor de corriente internacional para UE EE. UU., Reino Unido","Rendomin","Tecsix Direct","839.69"
"B09B1B6J9S","995.58","29.99","$966.16","EASZZZ - Lámpara de noche para bebé, lámpara de noche para lactancia, suave sin BPA, silicona táctil para cuidar los ojos, diseño de fácil tirón, atenuación continua, paquete de 1","IY Network","EASZZZ","1568.09"
"B0C5RF23G9","765.49","19.99","$763.64","ArcRidge Reflective Safety Vest for Men and Women - Class 2 High Visibility Construction Vest - Dual Tone Reflective Strips","GUTTIDIRECT","ArcRidge","1150.19"
"B0DPZQ9TTT","1558.63","49.49","$1,489.42","POPOSOAP - Bomba solar para fuente con kit de filtro de estanque, 8W con múltiples filtros, 8 patrones de agua diferentes, negro, adecuado para jardín","M&H Customer Friendly Store","Beiqian","2383.00"
"B0D3XBM5M6","1122.11","36.99","$1,144.61","Convertidor de voltaje de viaje de 220 V a 110 V: Convertidor de voltaje universal internacional de Estados Unidos a Europa, transformador de enchufe de regleta de alimentación eléctrica de 2000 W","SHERIFF EXPRESS","RGBER","1860.62"
"B0CL5259TV","2394.24","79.99","$2,370.10","Streamlet Red Light Therapy Device for Face, Body, Dual Chip Clinical 60 LED Combo 660nm 850nm, High Power Near Infrared Light Therapy Lamp for Skin Care, Pain Relief, Improve Sleep (300W)","Lumexa Online MX","Streamlet Health","3657.59"
"B0F8HM4F41","3240.87","119.99","$3,236.26","Richelock IU52 - Cerradura de puerta con teclado de doble cara, para todo tipo de clima, entrada sin llave totalmente impermeable con códigos programables de doble cara, la misma llave en ambos lados","FEEL EXTRA MX","Richelock LLC","5329.19"
"B0DG5L5XWD","1877.72","69.99","$1,943.75","Toma de mesa emergente, enchufe de computadora emergente, enchufe central para encimera, tira multimedia, caja de conexión con USB 3.0/2 x AC/2 x HDMI/USB-A/USB-C/LAN para computadora de conferencias","SEONGSAN","integrateds","3239.69"
"B0D83MSJ9C","2829.6","105.89","$2,818.04","Kit herrajes puerta granero deslizante oculta 81 cm con mecanismo de cierre suave, apertura de paso 61 a 71 cm, sistema riel de aluminio oculto, soporte de pared puerta interior madera (sin puerta)","BROWN LEAVES LLC","Ceakian","4739.95"
"B0DGTBQMNK","347.87","3.99","$365.03","Letras de aluminio negro de 3 pulgadas, 4 pulgadas, 5 pulgadas, 6 pulgadas, 8 pulgadas, números de dirección de casa flotante para exteriores, letras de números de puerta de metal modernas, letras de","GUTTIDIRECT","YJ-WORKSHOP","481.55"
"B0D83LV28B","3190.34","115.98","$3,052.00","Kit herrajes puerta granero deslizante oculta 91 cm con mecanismo de cierre suave, apertura de paso 71 a 81 cm, sistema riel de aluminio oculto, soporte de pared puerta interior madera (sin puerta)","ElBazarMexicano","Ceakian","5161.61"
"B0CRZ1CMP4","1897.82","62.99","$1,867.91","POPOSOAP Filtro de estanque con kits de fuente de bomba, filtro de estanque de 660 GPH con bomba de estanque de 40 W y kit de fuente, filtros de estanque Koi para estanques al aire última intervensión","SEONGSAN","Beiqian","2947.16"
"B0D3CVSHSY","1485.98","43.99","$1,427.20","Tondiamo Válvula de retorno de drenaje para evitar que las aguas residuales y el agua de lluvia fluyan hacia atrás (PVC blanco, 4 pulgadas)","SEONGSAN","Sandsa","2153.15"
"B0CYQ1QSQP","3049.8","115","$3,048.69","FINOSEN - Herramientas de puerta corredera oculta de 36 pulgadas con mecanismo de cierre suave, pista de aluminio, pista de piso invisible, ajuste mínimo de ancho de apertura de 28 pulgadas, sistema","DREAMERY GLOBAL","FINOSEN","5120.66"
"B0DWSH5NN6","809.23","20.99","$770.97","Cordones elásticos de grado marino, resistentes al aire última intervensión, rollo de cordón elástico, cordón elástico 100% y cordón elástico absorbente para cubierta de kayak, camping, manualidades","MARVEL INC.","Win168","1191.98"
"B0CBRZXXJK","1746.97","60.81","$1,714.01","Plancha de alambre manual, enderezadora de alambre de cable, herramienta de enderezamiento de alambre de cobre de hierro para cable de 4 m2 / < O.D.3.5 mm de núcleo único / 0.5-2.0 mm de alambre de","SEONGSAN","JTH-Trading","2856.06"
"B0DCJH3FMS","1708.49","56.9","$1,629.04","SENSYX - Detector de fugas de refrigerante recargable HVAC, detector de freón halógeno, detección de aire acondicionado, buscador de gas automotriz (SFD201 detector de gas refrigerante y combustible","SEONGSAN","Pangaea LLC","2692.66"
"B0D8TCGPYD","1369.13","43.99","$1,322.82","Relaxweex - 4 unidades de alarma contra incendios para alarma de incendios de 12/24 V CC de sonido y luz de emergencia de doble acción manual con bocina de seguridad para el hogar u oficina","LueKeen","HanTsing","2153.15"
"B0BXT1SDNJ","784.59","19.99","$769.27","AISINYI - Cabezal de ducha de alta presión, cabezal de ducha de 6 pulgadas con reemplazo ajustable perfecto, restrictor extraíble, fácil instalación para tus cabezales de ducha de baño (chapado en","M&H Customer Friendly Store","AISINYI","1150.19"
"B0CFJXRGSC","540.99","9.99","$503.76","Kit de reparación de piel para muebles de 4 x 63 pulgadas, parche de reparación de cinta de piel autoadhesivo para sofá y asiento de coche, sofá, asiento de barco, silla, café","MSTZKN SHİPMENT","OAZ","732.29"
"B0DZGVK13J","675.65","14.99","$642.14","Semrien - 120 bridas de montaje a presión, varios tamaños, nailon negro, abrazaderas de montaje a presión, abrazaderas de arnés de alambre, 6 tipos de bridas de cierre a presión, bridas de alambre","Novayu","Semsow","941.24"
"B0B9SBW99F","1131.55","29.99","$1,137.12","Asiento de inodoro comercial resistente abierto sin funda, material grueso, nunca se afloja, elástico, blanco (18.5 pulgadas), 1 paquete","F4ST ORCHESTRA","CCBELLA","1568.09"
"B0CGMKG8RC","357.99","4.42","$375.04","National Gun Trusts - Hecho en Estados Unidos - Tarjetas de huellas dactilares FD-258 2025, paquete de 6 - Versión 11-1-20","GUTTIDIRECT","NationalGunTrusts","499.52"
"B0DLB52VPX","681.59","15.99","$642.48","httpsmp - Tira de luz LED para exteriores de 32.8 pies, resistente al agua, IP68 exterior RGB+IC con aplicación/control remoto, modo persecución, cuerda de sincronización de música para balcón","M&H Customer Friendly Store","httpsmp","983.03"
"B0CLLQWZ2W","2033.57","74.99","$2,028.80","Unsvorns Almohada nasal, conjunto de sistema de marco de máscara nasal CPAP, máscara nasal de nariz pequeña, mediana y grande","OLALOOK LLC","Unsvorns Direct","3448.64"
"B0BC4DS54B","706.45","18.99","$711.84","LEDBeam 912 921 - foco LED para luces de marcha atrás, alta potencia, 7035, chipset, sin errores, T15 906 922 W16 W, 6000 K, blanco, paquete de 2","DUKKI LLC","LEDBeam Technologies","1108.40"
"B0CTNXCB9K","1127.55","35","$1,103.42","MODL Infinity Tool 2.0 Correas modulares (Paquete de 4) – Multiherramienta Flexible, Correa de Engranaje, Dispositivo portátil para Aventuras al Aire última intervensión, Supervivencia, Camping","SRKSB LLC","MODL, Inc.","1777.46"
"B0DSW2PKXY","540.99","9.99","$507.22","Fursafe&Q - Copas de goma antideslizantes, para muebles, suelos de madera dura, posavasos con agarre antideslizante para el piso, tapones de cama para evitar deslizamientos, almohadillas para orejas","MSTZKN SHİPMENT","Fursafe","732.29"
"B0DK9RMZMQ","746.89","18.99","$736.63","FARVIGOR - Soporte de pared para papel higiénico, autoadhesivo, con estante, de acero inoxidable, impermeable, para baño, rollo de papel higiénico, a prueba de gato, perro, color gris","SIDE SHOP","LaniEco US","1108.40"
"B0DKP6FBS7","567.57","9.96","$535.60","Juego de 112 piezas, surtido de tuercas de bloqueo, tamaños métricos (M3, M4, M5, M6, M8, M10, M12), acero inoxidable 304, acabado brillante, inserto de nailon, con estuche resistente, tamaño","Confido","HirtuOtter-USA","731.04"
"B0D94RN2N6","596.65","12.99","$580.31","CANAANIN - Soporte de sujeción con cierre, color resistente para cinturón de herramientas, organizado, fuerte y eficiente para almacenamiento de herramientas de electricista, reutilizable, portátil","Rendomin","CANAANIN LLC","857.66"
"B0D32V3SNT","804.51","18.04","$791.07","Tiras de transición de piso de vinilo para puerta de umbral autoadhesivas de 36 pulgadas, umbral de 3/4 pulgadas ~ 4/5 pulgadas, tiras de transición para puertas, reductor de bordes para puerta/piso","MUCH & MORE","Transition Strip","1068.70"
"B0D25ZJ53C","1621.8","47.99","$1,611.69","Gisafai - 2 rejillas de ventilación de aleación de aluminio de 12 x 18 pulgadas, ventilación de pared con rejilla de retorno de visualización con tornillos, para ventilación de puertas exteriores","MUCH & MORE","Mulisiu","2320.31"
"B0DRPL4QBD","482.24","8.54","$478.45","Berpahome - Señal de alto voltaje de peligro de choque eléctrico, 2 unidades, 10 x 7 pulgadas, plástico de 120 mil, protección UV, resistente a la intemperie, impermeable, tinta duradera, fácil de","Rendosa","BerpaHome","671.70"
"B0F6VB9V13","488.95","7.99","$461.37","Soporte de papel higiénico de ovejas, paquete de 1 bonito organizador de papel higiénico de animales, decoración y accesorios únicos de baño de granja, almacenamiento moderno en rollo de pañuelos","MSTZKN SHİPMENT","The Big Giggle Factory","648.71"
"B0D8SNJR5D","366.29","4.99","$388.15","Números de casa de metal modernos de 4 pulgadas, números de dirección de metal y letras, número de buzón de puerta negra, letra de dirección de casa y número para oficina, hogar, granja exterior (0)","DUKKI LLC","YJ-WORKSHOP","523.34"
"B0BFGN5Y1R","890.2","26.99","$912.66","Everness - Paquete de 3 mangueras cortas de repuesto para N20, reduce las fugas de aire y el sonido ruidoso, incluye 3 tubos cortos, codos de liberación rápida y giratorios en un solo paquete","BELGUCAN Global","USA in Style","1442.72"
"B0DRFXGL7D","552.22","9.9","$505.83","Clips de manguera de polvo para mangueras Festool D27, clips de 37 mm de diámetro, organizador de manguera para lijadora Festool y extractor de polvo (juego de 10)","Novayu","JODDMTTY","728.53"
"B0CTBTSXXV","1593.3","49.9","$1,514.38","TYESTAND CPT-4 - Soportes de fregadero de montaje inferior ajustables de acero inoxidable para fregadero de cocina resistente (28-39.4 pulgadas (71-100 cm)","M&H Customer Friendly Store","Mansheng Store","2400.13"
"B0CH84WK5T","1339.83","36","$1,321.11","TONYNOL Barra de extensión de impacto de 1 pulgada, 3 piezas (4"", 6"", 10""), acero Cr-Mo, con una funda de almacenamiento.","M&H Customer Friendly Store","TONYNOL","1819.25"
"B0CCP6GQZM","704.68","15.99","$701.29","Paquete de 20 bandejas organizadoras de caja de herramientas, 5 tamaños grandes de 12 pulgadas y almacenamiento, para martillo, llave, tornillo, organización de caja de herramientas de piezas","BELGUCAN Global","xinzewei","983.03"
"B0B5SNS71N","874.55","23.99","$840.33","WZKALY Soporte de papel higiénico con estante, dispensador de toallitas desechables y almacenamiento que se adapta a cualquier baño, mantiene tus toallitas húmedas ocultas – Organizador de baño de acero inoxidable para montaje en pared – (negro mate, rollo regular)","M&H Customer Friendly Store","WZKALY-USA","1317.35"
"B0DQTFVZCZ","633.28","13.99","$609.13","SOGCASE - Bolsa de herramientas con cinturón de herramientas para hombres, organizador de herramientas con cordón para trabajo al aire última intervensión","Ovolos","SOGCASE us","899.45"
"B0CRR5B2JV","1052.25","28.99","$1,008.59","NFESOLAR Aireador solar de 4 W para estanque con batería de respaldo integrado de 2200 mAh, 3 modos de trabajo, 2 piedras de aire, bomba de aire solar para estanques de peces hidropónico","MSTZKN SHİPMENT","NFESOLAR","1526.30"
"B0CJ81D549","858","18.99","$806.63","Set de 45 Cajas Organizadoras Cajones, Cajas Herramientas Almacenaje Plastico, Herramientas Mecanico Tornillos Accesorios y Piezas Pequeñas Organizador, Adecuado Aara Taller Mecanico Cochera, gris","Ovolos","xinzewei","1108.40"
"B0D9VD639C","946.51","24.89","$940.40","WUEIBUZUDAO - Pies niveladores de alta resistencia, pies niveladores de máquina base de 2.3 pulgadas de diámetro, pies niveladores rosca M12, capacidad de 1200 libras, capacidad para banco de trabajo","MYSILKROAD LLC","QUN246","1354.96"
"B09Y137DN9","416.01","5","$388.38","AM1NAH - Papel pintado metálico con textura industrial, color gris oscuro, color café","MARVEL INC.","microenergyshop","523.76"
"B0DGQPFRWD","472.02","8.19","$462.18","Kit de 4 cepillos de brillo para zapatos de caballo para hombres y mujeres. Horsehair - cepillo para polvo para pulir zapatos, cepillo para polvo limpiador de gamuza de mango largo, aplicadores de","GUTTIDIRECT","3A-International (USA)","657.07"
"B0CRLC59G4","390","4.99","$389.42","Libro de recetas perfecto en blanco, libro de recetas para escribir en tus propias recetas, organizar tus recetas, cubierta impermeable y 186 páginas en blanco (verde primavera)","YENER EMIRHAN KAYA","Serrenf-Direct","523.34"
"B0CKN8CKSV","1617.14","48.99","$1,602.06","Windyun - 100 bolsas de vino de arpillera, bolsas de regalo con etiquetas, 5.9 x 13.8 pulgadas, bolsas de vino de yute lisas para bodas, cumpleaños, catas a ciegas, Navidad, viajes, fiestas (azul","SIDE SHOP","QaooJung","2362.10"
"B0D9KKQV7C","825","19.99","$747.85","GoShambar Libro de recetas en blanco para escribir en tus propias recetas, cuaderno de recetas de piel, diario de recetas con capacidad para 150 recetas (recetas largas y recetas cortas) (naranja)","HARCIN-STORE","GoShambar","1150.19"
"B0CYQGD9YF","1085.7","25.99","$1,038.89","Kidaddle - Manta con peso de 7 libras para niños (azul), almohadilla de felpa con peso para regazo con bolsa de viaje para edades de 6 a 12 años","MUCH & MORE","StockYourHome","1400.93"
"B0D9QF5SCT","1395.29","43.99","$1,364.61","Decoraciones Inflables de Halloween Al Aire Libre - Temática de Mouse, Calabaza Inflable, Lindas Decoraciones para Fiestas, Jardín y Césped","TIME OF SHOP","Scoolary","2153.15"
"B07LGDGGPW","520.15","9.99","$533.01","Eleclassi - Juego de 6 manteles desechables de plástico de primera calidad, 54 x 108 pulgadas, mantel de plástico desechable para mesa rectangular de hasta 8 pies, mantel rectangular rojo","GUTTIDIRECT","TRUSTAO","732.29"
"B0FG914PVK","589.43","12.95","$587.03","Casanero - Paquete de 12 esponjas de silicona para fregar resistentes, antiarañazos, reutilizables, sin olor, limpieza multiusos para platos, antiadherentes, encimeras","Rendomin","BLACK NEON","855.99"
"B0CSMD77FP","1084.03","27.54","$1,053.34","Shinylin - 12 bolsas de lona estéticas a granel, bolsa de compras para regalo de Acción de Gracias para mujeres","Rendomin","Rhygdom","1465.71"
"B0DDKMJ11R","675.25","14.99","$646.59","Paterr - 4 bolsas de recuerdo de la ciudad, Nueva York, Chicago Seattle Los Ángeles, Boston San Francisco París Italia Las Vegas Nashville","TIME OF SHOP","GureJion","941.24"
"B0DFMJN48C","1431.38","37.99","$1,343.81","TEXAS LINEN CO. Juego de sábanas de percal King 100% algodón orgánico, sábanas de percal de algodón topo King, sábanas de percal de 4 piezas, tamaño King, sábanas crujientes y refrescantes, se adapta","MARVEL INC.","Texas Linen Co.","1902.41"
"B0DWXL721J","463.18","6.99","$434.39","Brohood - Grasa de grado alimenticio para batidora de soporte de cocina, 4.5 onzas de grasa apta para alimentos, universalmente para licuadoras, batidoras de soporte y procesadores de alimentos, evita","MSTZKN SHİPMENT","FunnyUS","606.92"
"B0DJH2823T","1350.01","45.99","$1,337.98","Repelente ultrasónico de mouse, repelente de ratones, repelente ultrasónico de plagas para interiores, 2025 mejorado, repelente ultrasónico de roedores de 360° con sensor PIR y luz estroboscópica LED","SHOPENZA","Chimo Living","2236.73"
"B001CE8JPQ","946.5","27.95","$919.03","Micro Stitch Starter Kit-642210","IY Network","Universal Sewing Supply","1482.84"
"B0D25B9T6K","769.49","19.99","$766.12","2 tapetes lavables para interiores de 18 x 30 pulgadas, antideslizantes, retro, absorbentes, para recámara, cocina, entrada, baño (18 x 30 pulgadas)","SRKSB LLC","TIAN LIN1","1150.19"
"B0DY7Z42TC","767.26","17.99","$704.08","FuWeave - 2 toallas de mano de color rosa para baño, coqueta, moqueta, 100% algodón, absorbentes, decorativas, tela jacquard, decoración de baño, regalo, 13.7 x 29.5 pulgadas","MSTZKN SHİPMENT","ChongYann","1066.61"
"B0F43FHBR2","394.7","4.99","$389.42","TERPINK - Paquete de 2 tapas magnéticas para pajitas compatibles con vasos BrüMate All Era y Resa, tapas de silicona compatibles con accesorios Brumate, cubiertas de pajita, protectores de BPA (gris","IY Network","MirageLeo8492","523.34"
"B0CV3J3M6D","2088.95","69.95","$2,082.84","Vision Home - Cortinas opacas plisadas de lino con mezcla de lino para oscurecer la habitación, 84 pulgadas, para sala de estar, recámara, aislamiento térmico, cortinas plisadas con ganchos, 2 paneles","ELEGANCE LLC.","VISION HOME","3238.02"
"B0FG2PRBRY","914.21","25.99","$890.22","Repelente ultrasónico de control de plagas, repelente electrónico de arañas para interiores para insectos, cucarachas, roedores, hormigas, insectos, ratas, ratas, tapones, para casa, hogar, cocina","GUTTIDIRECT","Frogoom Trading Inc.","1400.93"
"B0BD6Q1LZV","1599.61","52.99","$1,635.96","FELIDESIGN - Riel de cortina de techo para divisor de habitación, juego de rieles de montaje en techo con ganchos de rodillo, blanco, 6 pies - 9 pies","SHERIFF EXPRESS","TINGXING","2529.26"
"B0DKJV8PDS","1630.99","47.99","$1,558.34","Hicarer - 4 piezas decorativas redondas y modernas para pared, espejo de metal, para recámara, sala de estar, entrada, comedor, pasillo (negro)","Sky Ecommerce Store","Zheweir","2320.31"
"B0DNWM224G","886.5","23.99","$843.07","NROZIET - Paquete de 1000 tazas de muestra de papel para degustar, taza de papel pequeña de 0.5 onzas, mini tazas de porción médica con forro a prueba de agua para chupitos de gelatina, postre","Rendomin","NROZIET","1317.35"
"B0CDLQMKGG","1081.99","32.86","$1,070.97","Belledorm - Funda para somier, transforma tu cama con esta falda de cama de gamuza sintética totalmente elástica y elástica de 4 lados (carbón, matrimonial/matrimonial XL)","SRKSB LLC","Belledorm","1688.03"
"B0CZJRGYYQ","1863.89","59.99","$1,843.38","BILEEHOME - Alfombra abstracta rosa de 5 x 7 pulgadas para sala de estar, lavable y antideslizante para recámara","SHERIFF EXPRESS","BILEE-HOME","2821.79"
"B0C4DXJQ77","1738.46","49.99","$1,727.69","Zzlpp - Juego de edredón tamaño king, 7 piezas, cama de sirsaca color negro en bolsa, todas las estaciones, 1 edredón, 2 fundas de almohada, 2 fundas de cojín, 1 sábana encimera, 1 sábana bajera","SRKSB LLC","tianhuihome","2403.89"
"B0DLP3V472","1568.88","45.99","$1,513.71","Kakania Alfombra Boho Marroquí Neutro 5 x 7 Pulgadas, Lavable, Suave, Antideslizante, Interior, Dormitorio, Comedor","M&H Customer Friendly Store","KakaniaDirect","2236.73"
"B0D25MQBV1","1787.47","49.99","$1,673.32","Almacenamiento de animales de peluche, organizador de almacenamiento de juguetes de tubo de metal, soporte extragrande para animales de peluche con ruedas de freno, organizador de zoológico de","MARVEL INC.","Onward-online","2403.89"
"B0F18D3C11","767.66","20.99","$789.32","Soporte de pared para sombreros de vaquero, paquete de 4 soportes para sombreros de vaquero, gancho de herradura de metal, decoración de herradura, gancho para sombrero occidental para pared, soporte","M&H Customer Friendly Store","Hydermus Direct","1191.98"
"B0CJVDDZ87","1092.83","30.99","$1,080.60","Ziliny - Mini sartenes de hierro fundido de 5 x 5 x 1.3 pulgadas, juego pequeño de ramekin, cazuela negra, utensilios de cocina, apto para horno, mini sartenes para cocina, interior y exterior (4","BELGUCAN Global","Jineepy","1609.88"
"B0D2DHHRT7","588.01","12.99","$587.92","ROVOZAR - Estuche para lápices de videojuegos para niños y niñas, caja de lápices con driver de juego para niños, bolsa de lápices de gran capacidad con compartimentos con cierre para oficina y","M&H Customer Friendly Store","ThinkwelL06","857.66"
"B0F53N56KQ","760.97","17.99","$717.40","Bettdow BETTODW Ventilador de computadora, 100 ventiladores de mesa de viento de alta velocidad, 12 horas de tiempo fresco, visualización digital, modos de luz ajustables, ventilador portátil para","ElBazarMexicano","FYKJ_Official","1066.61"
"B0D6YKVSQT","1453.41","37.99","$1,417.35","6 juegos de portavelas moderno con cubierta de chimenea, portavelas cónico de vidrio, portavelas para velas cónicas, soporte grande de vidrio de 12 pulgadas, con mangas cilíndricas para boda","MUCH & MORE","MCCKLE Garments","1902.41"
"B0CT5HGL6S","1429.72","42.99","$1,437.68","Rugcomf Runners - Alfombra antideslizante de 2 x 10 pies de largo, lavable con respaldo de goma, alfombra floral suave para pasillos, cocina, lavandería, recámara, baño (verde)","SIDE SHOP","Rugcomf Store","2111.36"
"B0D9QF7MLK","644.59","13.99","$609.13","FuWeave - 6 toallas de cocina de Navidad a cuadros de búfalo, 21.26 x 14.17 pulgadas, absorbentes de Navidad, paños de cocina decorativos, para invierno, cocina, regalos de inauguración de la casa","MSTZKN SHİPMENT","ChongYann","899.45"
"B0CYFLGFGG","934.14","27.59","$928.54","Qinyoung - Juego de 25 regalos de despedida de soltera, para invitados, fiestas, infusor de corazón, cuchara más empinada para té suelto con tarjetas de agradecimiento, bolsas de organza, recuerdo de","BELGUCAN Global","HouKonng","1467.80"
"B0CKX4VWH4","1720.88","49.99","$1,669.64","Zzlpp - Juego de Edredón Queen de 7 Piezas, Cama de Pelo Crema en Una Bolsa Con Sábanas, Ropa de Cama Boho para Todas las Estaciones Con 1 Edredón, 2 Fundas de Almohada, 2 Fundas","MUCH & MORE","tianhuihome","2403.89"
"B0DT235QBC","448.18","7.69","$452.09","Humidificador portátil pequeño, humidificador personal USB de computadora para coche, habitación de oficina, recámara, apagado automático, 2 modos de niebla, súper silencioso (220 ml, verde)","SRKSB LLC","YITIHUA","636.18"
"B0FCYL76CS","1581.4","45.95","$1,467.92","ZENO Lámpara solar Bug Zapper","MARVEL INC.","ZENO US","2235.06"
"B0BQCMS3LD","931.94","23.99","$843.07","Decorelia - Mantel impermeable para fiesta de boda, mantel de lino sólido tela a prueba de derrames para comedor, granja, restaurante (60 x 120 pulgadas (10-12 asientos), color café)","Rendosa","Decorelia","1317.35"
"B0DLB7WW5P","952.27","23.19","$995.85","UNIMADE - Paquete de 100 toallas faciales (12 x 12 pulgadas), paños de lavado y toallas de mano altamente suaves, paños de limpieza de microfibra multiusos de secado rápido para baño, hotel, spa y","Abundant Peace","Unimade Global","1283.92"
"B0CMCZVNS9","2504.58","79.99","$2,410.33","Acrylicolor Mesa Auxiliar de Acrílico Transparente con Estante, 40 x 50 x 30 cm (Clear)","Lumexa Online MX","Acrylicolor","3657.59"
"B0DRD5D776","964.16","26.99","$897.10","Landical - Rosarios de madera de olivo con bolsillo de madera de olivo, 24 piezas, con colgante de mini cruz para el bautismo de oración para el mes del santo rosario para hombres y mujeres, regalo","Ovolos","COOLgooee","1442.72"
"B0B7WMW7BW","798.52","20.99","$786.76","Byondeth - Varillas de cortina para ventanas de 16 a 48 o 60 pulgadas, longitud máxima ajustable, barra de cortina de ventana de 1 pulgada de diámetro, con tapa de extremo de aluminio, níquel","BELGUCAN Global","Byondeth","1191.98"
"B0F13JWGQQ","840.83","23.19","$839.72","Nayoroom - Juego de ropa de cama con lazo rosa de tamaño individual, diseño de lazo de corazón con estampado de coqueta, 2 piezas, funda de edredón con cierre de cierre, microfibra suave y","Abundant Peace","Omelas","1283.92"
"B0CB85LXQP","1462.46","45.99","$1,617.30","Purgreen - Reposapiés pequeño de piel sintética con estilo y funcional para asientos adicionales en sala de estar, entrada u oficina","Amazon Estados Unidos","Dream Building Time","2236.73"
"B0BWYNQZDY","713.64","15.98","$682.19","YJ.GWL - Alfombra bohemia de área floral, 2 x 3, lavable a máquina, alfombra de entrada pequeña, alfombra suave para entrada, cocina, recámara, antideslizante, no desprende pelusa, color rojo","MARVEL INC.","YEne","982.61"
"B0D3TP6XJN","1098.34","33.99","$1,094.25","rabbitgoo - Película de privacidad para ventana, película decorativa para ventanas de vidrio, bloqueo solar, calcomanía estático para inquilinos, cubierta de calcomanía esmerilado para puerta del","DUKKI LLC","Authorized Rabbitgoo Seller Globegou","1735.25"
"B0DDPKDS6V","1071.88","26.99","$1,062.29","Manta de playa turca de gran tamaño, tamaño XXL, de algodón, a prueba de arena, tejido bohemio, extra grande, sin arena, manta gigante, manta gruesa, colcha grande, XL, picnic, camping, necesidades de","Smooth House","Vikumond","1442.72"
"B0CGVSC4W8","858.67","21.99","$839.50","Alfombra bohemia lavable para cocina, parte trasera de goma antideslizante, oriental, floral, clásico, larga alfombra para pasillo, entrada, interior, recámara, 2 x 6 pies, musgo, verde oliva, beige","RVDSHOP","BILEE-HOME","1233.77"
"B0BYYKMCD9","1976.99","62.99","$1,964.91","SUNROX - Cojín de espuma viscoelástica de gel con lazos, ultra duradero, resistente al agua, para exteriores, interiores, reversible, para silla de 17 x 16 pulgadas, juego de 4 unidades, color índigo jaspeado","SIDE SHOP","SUNROX","2947.16"
"B0C934QNBQ","714.46","16.99","$678.49","Barra de cortina de tensión de 30 a 64 pulgadas, barra de cortina blanca ajustable extensible de tensión de resorte, barra de cortina sin perforación, barras de cortina con resorte para ventanas","M&H Customer Friendly Store","MEXAU","1024.82"
"B0F3HQCM74","665.16","14.59","$656.10","BAYOGITA - Divertidas toallas de mano de Yorkshire Terrier, regalos de Yorkshire Terrier Yorkie para mujeres, lindas toallas de mano para perros Yorkie para niños, baño, baño, baño, 16 x 24 pulgadas","Novayu","BAYOGITA","924.53"
"B0C5JSZBD1","736.79","18.99","$727.09","GÜTEWERK Rascador de Ducha, de Silicona, para baño, mampara de Ducha y Ventana, Accesorio de baño, 23 cm, con Soporte sin taladrar","SRKSB LLC","GUTEWERK","1108.40"
"B0D2S2V4XP","611.31","12.89","$599.57","Peace & Tidy - Contenedor de almacenamiento transparente con cierre – 5.5 x 8.5 pulgadas, organizador apilable para juguetes, manualidades y despensa, contenedor de plástico duradero con protección","BELGUCAN Global","Kintla Carved","853.48"
"B0CMM9BBSF","831.14","19.99","$781.85","AAQ Paquete de 4 marcos de fotos de 5 x 7 pulgadas con plexiglás, marcos de fotos para pared y mesa","Rendosa","xuanou","1150.19"
"B0F1CXXH9W","1159.5","34.99","$1,158.17","Loopiske - 60 servilletas de gasa azul cielo, lavables, para otoño, bohemio, rústico, de gasa a granel, 21 x 21 pulgadas, para boda, fiesta, novia, baby shower, decoración de mesa de cumpleaños","Lumexa Online MX","Loopiske","1777.04"
"B0CCB11Z1Z","2529","69.99","$2,636.38","Resina epoxi de curado rápido de 2 galones, 4 horas, resina de fundición transparente y autonivelante, 8-10 horas, kit de resina epoxi de curado rápido para manualidades","quanax","Homeprint","3239.69"
"B0DJVZ45MZ","566.4","12.99","$586.01","TWINKLEMON 12 plantillas de flores grandes para pintar sobre madera de 12 x 12 pulgadas, plantilla de pared gigante con pinceles, plantillas florales de patrón grande, plantilla de pintura de girasol","Rendomin","Twinklemon","857.66"
"B0D78GQ9J3","703.56","17.5","$677.38","ENHYPEN ROMANCE: UNTOLD 2nd álbum completo (ENGENE JAKE Ver)","GUTTIDIRECT","K-STARS","1046.13"
"B0CKZBPDBY","731.08","17.99","$750.29","LEXMORE - Juego de 8 manteles individuales tejidos de vinilo/plástico para mesa de cocina, interior/exterior, lavables, manteles individuales lavables (cubeta plateado)","SHERIFF EXPRESS","Lexmore Direct","1066.61"
"B0B6HRQVNS","893.98","24.99","$886.80","TEXAS LINEN CO. Juego de fundas de almohada de algodón egipcio de lujo de 2 a 1000 hilos para dormir, suave y sedosa, funda de almohada refrescante, fundas de almohada extralargas de calidad de hotel","IY Network","Texas Linen Co.","1359.14"
"B0CWTV2NQ1","1315.51","37.99","$1,301.14","cubeta de hielo moderno aislado de 3.2 l con tapa de silicona, cuchara, colador, cubeta de hielo de acero inoxidable de doble pared para fiestas y bar de cócteles, ideal para regalo (blanco perla)","M&H Customer Friendly Store","iHoo","1902.41"
"B0DYK2G9JW","528.07","8.99","$493.04","Joshey - 6 pajitas de repuesto y valores de mordida compatibles con Infantino My First Tumbler Kids de 9 onzas, paquete de 6 puntas de silicona de repuesto a prueba de derrames (blanco, azul, morado","Novayu","dong guan shi wei di man si ke ji you xian gong si","690.50"
"B09W45KPT2","1472.57","42.99","$1,438.24","Buzbug Matamoscas de alto voltaje, atraído a insectos voladores, utilizado como matador de moscas e insectos, limpiador de insectos, lámpara de mosquitos, matamoscas y asesino de avispas para cocina y jardín","M&H Customer Friendly Store","LLKS Tech","2111.36"
"B0D448L7Q9","818.85","21.99","$810.46","Dingbaayee Faraday - Tela Faraday de 43 x 118 pulgadas con cinta Faraday de grado militar, tela Faraday de níquel y cobre para WiFi, GPS","FuCai Official","Dingbaayee","1233.77"
"B0CZLQ4RRK","581.19","10.99","$526.88","Gernaice - Camino de mesa bohemio, 2 unidades, bordado de lino y algodón para decoración del hogar, 24 pulgadas de largo x 13 pulgadas de ancho, color blanco crema","Novayu","Gernaice","774.08"
"B0C68Y5D6P","1245.51","32.99","$1,247.10","Bamboo Story - Papel Higiénico de Bambú de Alta Calidad, Sin PFA, Sin Blanquear, 3 Capas y 300 Hojas, Certificado FSC, Café Orgánico","Abundant Peace","Bamboo Story","1693.46"
"B0C1TXCYW6","759.07","18.89","$751.51","Hobekoee Juego de agujas de tejer con estuche","Rendosa","Homeasy online","1104.22"
"B0D6BF3N9P","526.08","10.63","$519.97","Volkate - Paquete de 2 baterías recargables D de litio con cable de carga USB-C, batería LR20 de 1,5 V, tamaño D, 7500 mWh, para linternas, linternas, controles remotos, radios, ventiladores,","M&H Customer Friendly Store","LeKai","759.04"
"B09XSCQFM1","1969.88","59.99","$1,947.83","FluffCo. Down Alternative King Size Pillows | Luxury Hotel-Quality Pillow | Luxurious Breathable Microfiber Polyester Pillow | 300 Thread Count (King Size Soft - Pack of 1)","Rendosa","Fluff Co","2821.79"
"B099612FNT","818.98","21.99","$812.51","Choc Chick - Almohada para niños pequeños, 20 x 14 pulgadas, lavable a máquina, suaves, hipoalergénicas, para niños, lindos, almohadas perfectas para dormir de 2 años (gato)","SHERIFF EXPRESS","Chocchick Direct","1233.77"
"B0CKN23FTJ","713.61","16.99","$710.42","Jetec - 32 bolsas de malla con cierre, almacenamiento de juguetes, bolsa organizadora de bikini, bolsas para guardar, trajes de baño, impermeable, con cierre, reutilizable, rompecabezas, multiusos","Rendosa","Wilgera","1024.82"
"B0CNK2WHP3","1120.44","34.59","$1,113.11","CZL - Juego de 4 fundas para sillas de comedor, con cierre mejorada, color negro, para comedor, funda elástica de jacquard para sillas de comedor, extraíble y lavable","SIDE SHOP","Kee Electric","1760.33"
"B01GGHR5BM","767.81","19.95","$765.56","ViscoDisc Canning Buddies- Wide Mouth Mason Jar Inserts","Abundant Peace","ViscoDisc","1148.52"
"B0D48RBLYJ","356.78","4.58","$378.59","HDSupplies - 100 anillos de acero inoxidable 304, calibre 21 (0,7 mm de grosor)","DUKKI LLC","HDSupplies","506.21"
"B0C5ZPF1ND","1446.09","40.99","$1,498.15","Maxdot - 12 botellas de jarabe de 25 onzas con bomba de cuello largo, dispensador de plástico de jarabe para cafetería, accesorios para fiestas en casa","F4ST ORCHESTRA","OTHERPRET","2027.78"
"B0D3VF3BG2","875.53","22.77","$844.27","BKBOT - Juego de 3 marcos de fotos de metal dorado con vidrio HD, se adapta a 3 x 5 con alfombrilla o 4 x 6 sin tapete para colgar en la pared y expositor de mesa","Ovolos","BKABOT","1266.37"
"B0CX518JYQ","1130.6","34.99","$1,094.66","ZipString Luma - El Juguete Patentado Que Brilla en la Oscuridad Que Vuela un Lazo de Cuerda, CREA Formas y Trucos infinitos LED Integrado para diversión Brillante. Regalo Perfecto para niños y","M&H Customer Friendly Store","ZipString","1777.04"
"B0D8PWR35W","1881.95","66.99","$1,873.80","Croknit - Disfraz de sirena de 8 piezas para mujer, disfraces de Halloween, lentejuelas brillantes, falda de sirena, vestido de princesas para adultos","MYSILKROAD LLC","Qinhenes","3114.32"
"B0C7HDNPP6","591.74","12.99","$573.12","Weecent - 24 cuadernos de recuerdos de fiesta de pata de perro para niños, cachorros, animales, cuadernos de bolsillo en espiral, suministros de recompensas para cumpleaños, profesores, aula,","XIJIANG","Weecent us","857.66"
"B0DJPVPDP7","1076.44","29.99","$1,015.92","Run Beaver Run - Un juego de mesa familiar de ritmo rápido con registro rodante, diseño fácil de viajar, perfecto para niños de 5 a 2 a 4 jugadores, incluye piezas de castor y tablero de juego","MYSILKROAD LLC","LukiLab","1568.09"
"B0D8PWT2BV","2157.64","71.99","$2,146.65","Hoemwarm - Juego de 122 piezas de regalos de fiesta de spa para niños, batas de satén para niñas, salón de uñas y bolsas de mano para fiestas de pijamas, cumpleaños y Halloween, juego completo de spa","MB Exclusive","whasme","3323.27"
"B0DS2CQMWX","1588.08","49.99","$1,521.32","Juego de construcción moderno de casa, comedias familiares de televisión de comedia The Dunphy's House Building Set compatible con regalos Lego para fanáticos y adultos y niñas mayores de 14 años","Rendosa","Fun Build","2403.89"
"B0DS6V1XPP","1319.72","39.99","$1,334.42","Muñeca Quinceañera Oso de peluche con vestido, decoraciones de quinceañera para niñas, regalos OSO De Peluche para 15 años con vestido, Centro De Mesa Muñecas para 15 años Quinceañeras (rosa)","F4ST ORCHESTRA","Cisina","1985.99"
"B0DKZ32L6Q","935.92","24.95","$852.44","Slock Master Mini dardos de alta velocidad, calibre 625, dardos afilados con cuchillas de acero de alta calidad, el paquete contiene 20 dardos mortales precisos y afilados","Novayu","Slock Master","1357.47"
"B0D3GXVVDY","1416.44","41.99","$1,423.63","CUBIMANA Grandes juguetes de construcción de aviones urbanos con luz LED, juego de construcción de aviones con 2 camiones para equipaje, terminal, torre de radar, regalos para niños y niñas (901","SRKSB LLC","RBS Toys","2069.57"
"B0DNCD1D4Q","785.94","19.99","$736.55","Tarjetas de ejercicio de terapia somática para regulación del sistema nervioso, 50 tarjetas de entrenamiento de terapia somática | Tarta de tarjeta de teoría polivagal infásica | Tierra, liberación de","Ovolos","lift enterprises","1150.19"
"B0BZ4M8QL2","1239.76","38.99","$1,191.00","Liliful - Juego de 200 bolas de bingo de rifa numeradas 1-200 con ventana de fácil lectura, mini bolas de plástico para noche de juego y actividades de grupo grande, rojo","ArtBlue","Xianewqia","1944.20"
"B0CMYX53KM","1083.24","29.95","$1,101.57","bindrz - Carpeta de carga superior de 9 bolsillos, capacidad para 252 cargadores superiores, álbum de cierre sin anillo, bolsillos laterales para CCG TCG MTG y tarjetas deportivas en soportes de","Rendosa","bindrz","1566.42"
"B0DK4PLV9D","1272.23","39.99","$1,240.70","TianYueFly - Cometa gigante para adultos en 3D, cometas gigantes de una sola línea de 120 pulgadas con dos colas 3D de 16 pies, cometa grande de playa para adultos","MUCH & MORE","TianYueFly","1985.99"
"B0F1MJ6KJV","488.95","7.99","$468.07","JCitimix Its A Girl Baby Shower Decoraciones, decoraciones de baby girl con su bandera a niña, pompones de papel, cinta rizadora","MSTZKN SHİPMENT","YFSMY","648.71"
"B0D3LQNX1L","1219.23","38.99","$1,241.83","Backgammon - Juego de mesa clásico con funda de piel de primera calidad, juego de estrategia de viaje portátil para adultos y niños, adecuado como (15 pulgadas, azul marino)","SHERIFF EXPRESS","Collager","1944.20"
"B0BTJ5TX9Y","821.88","19.99","$832.69","caretoto - Alas doradas de hada para adultos, alas transparentes y brillantes, disfraz de mariposa para Halloween, alas de ángel para mujeres y niñas","M&H Customer Friendly Store","Caretoto direct","1150.19"
"B0CFPZ2FSX","658","15.99","$644.57","Maxhoo - Funda de lona encerada para cuaderno Moleskine Cahier, con bolsillo con cierre, para planificador, cuaderno de bocetos, plumas, 9 x 14 cm, oliva","XIJIANG","DaoQuNa","983.03"
"B0DBH7W6YL","502","7.99","$457.51","Bloc de notas de 3 x 5 pulgadas, paquete de 10 bloc de notas en blanco, 50 hojas por rasguño para listas de compras de comestibles, papel blanco pequeño para escribir notas rápidas, trabajo en casa","XIJIANG","TTF","648.71"
"B09VGRBRLN","983","25.99","$1,009.68","Cuaderno pequeño a granel, paquete de 60, tamaño A6 (10.7 x 13.9 cm), mini cuadernos para bocetos en blanco, cubierta colorida, diarios de bolsillo sin forro para niños, bloc de notas de dibujo, 30 hojas/60 páginas.","XIJIANG","Dynta","1400.93"
"B0CSG9FLQP","1434.26","45","$1,346.24","El sistema de aprendizaje de Jun Yuh | Tu herramienta diaria para una experiencia de aprendizaje transformada | Descubre el éxito académico | Negro","SEONGSAN","THE LEARNING SYSTEM","2195.36"
"B0DSVVQ5QZ","591","9.87","$573.12","Wheatwin - Cuaderno de vaquera, suministros de oficina occidental, cosas occidentales para mujeres, regalos retro de vaca occidental, cuaderno espiral de tapa dura con rayas universitarias 5.5 x 8.3","XIJIANG","Wheatwin","727.28"
"B0DS2HRXB8","519","9.99","$503.76","PRSTENLY - Regalo de jubilación para mujeres y hombres, regalos de jubilación para mujeres, profesores, amigos, enfermera, jefe, jubilado, despedida, despedida, regalos para compañeros de trabajo","XIJIANG","Qiushi US","732.29"
"B0CWNYKFHS","743.23","18.99","$725.13","Swillood - Funda para planificador A5, funda de piel para cuaderno, diario, accesorios de planificador con ranuras para tarjetas, soporte para bolígrafos, pestañas de índice de calendario, marcador y","XIJIANG","Swillood Store","1108.40"
"B0C53BC1SQ","866.22","24.99","$879.24","Fulmoon - 100 cuadernos motivacionales a granel para empleados, bloc de notas de bolsillo pequeño, mini diario, regalos de equipo, para apreciación de los empleados, uso en la oficina (café)","XIJIANG","Yuanweius","1359.14"
"B0CJY73GR5","507","9.99","$503.76","Cuaderno de papel gráfico, diario en espiral de 8.5 x 11 pulgadas, cuadernos de cuadrícula grande A4 para mujeres y hombres, papel gráfico de 100 g/m², diarios de plástico en espiral de tapa dura para","XIJIANG","UEBZFOCS","732.29"
"B0B5KWVTWK","379","3","$342.14","Greeting Life Animal Die Cut Memo Cat ETN-125","XIJIANG","Southern Alps Market","440.18"
"B0F47VVC6F","539","9.99","$503.76","PRSTENLY - Regalo de jubilación para mujer, regalos de jubilación para mujeres, maestras, amigas, enfermera, jefe, jubilado, despedida, despedida, regalos para compañeros de trabajo, diario de piel de","","Qiushi US","732.29"
"B0CDK97KCQ","1126","21.99","$817.86","Cuaderno de diario con forro, 365 páginas A4 grandes diarios para escribir cuaderno a rayas universitarias, diario de piel de tapa dura para mujeres y hombres, cuaderno diario para el trabajo, toma de","Mel Trade","Woarilco","1233.77"
"B0C6V1PK4X","789.86","20.97","$760.10","Diario de autodominio para hombres – Diario de productividad diaria para felicidad, diario de gratitud, atención plena y reflexión, diario de objetivos, diario guiado para hombres y mujeres – Diario","GUTTIDIRECT","Realizations","1191.15"
"B0DGQB55DK","608","11.75","$544.44","NOLTY Business - Agenda básica A5 semanal 2025, edición china, camel","Luxury Best Store","NOLTY","805.84"
"B09SV7KFL7","740","16.73","$672.85","BUKE - Cuaderno de cuadrícula de puntos tamaño A5, 180 g/m², papel grueso de bambú blanco, cena, 5 cuadrícula de puntos de 5 mm, 160 páginas, bordes plateados de colores, tapa dura de tela impermeable","SURE_FIRE","BUKE","1013.96"
"B0CYLPCPLP","1124","29.99","$979.05","Diario en relieve de ojo de dragón 3D, cuaderno de grabado de resina, cuaderno Dnd para amantes del dragón, 100 hojas de papel en blanco, bloc de notas de viaje de tapa dura para escribir, cuaderno de","OLALOOK LLC","Selento","1568.09"
"B0CX99RZP3","505","8.99","$494.37","LEAGIM Diario en blanco de 192 páginas (café)","XIJIANG","LEAGIM","690.50"
"B0D412W1JS","597","9.99","$540.93","30 piezas de regalos de la semana de veterinario técnico, mini cuaderno motivacional, pequeños diarios inspiradores a granel para mujeres, hombres, jefes, enfermeras, personal de gestión de casos","ShoppinGoods MX","Saltdeew","732.29"
"B0C77JGTCG","690","16.89","$663.37","WHLBHG - Cuaderno de piel de hadas para amantes de las hadas, regalo inspirado en los fanáticos de los cuentos de hadas de piensa feliz, regalo inspirado para amigos y hermanas (pensar en pensamientos","XIJIANG","LKWHJYE","1020.64"
"B0C817RBMN","807","19.99","$825.45","Cuadernos en espiral de 5 temas, tapa dura a rayas universitarias A5 (8.5 x 5.7 pulgadas), 5 diarios para trabajo, estudio, toma de notas, regalos, 160 páginas/80 hojas, bolsillo trasero, para estudiantes, oficina, negocios, diario","AURATEM","Dynta","1150.19"
"B0BQXNMHFH","502.62","8.99","$480.63","KAAYEE - Diario de piel para médicos, regalo de 140 páginas, diario de viaje, recargable, cuaderno de bocetos, diarios de escritura, regalos de Navidad y cumpleaños para médicos","XIJIANG","Cailailo","690.50"