also_appears_in,asin,batch_number,category,disponibilidad_mx,disponibilidad_usa,error_verificacion_mx,error_verificacion_usa,extracted_at,fecha_verificacion_mx,fecha_verificacion_usa,precio_actual_mx,precio_actual_usd,price,title,url_mx,url_usa,vendedor_actual_mx,vendedor_actual_usa
,B0BGV7Q9TN,3,Productos para animales,disponible,no disponible,,,2025-10-29T22:19:39.239Z,2025-10-30T05:04:20.768Z,2025-10-30T17:07:42.549Z,497.77,,$482.20,Masticables de cadera y articulaciones,https://www.amazon.com.mx/dp/B0BGV7Q9TN,https://www.amazon.com/dp/B0BGV7Q9TN,MARVEL INC.,
,B07L2TBG5C,3,Productos para animales,disponible,disponible,,,2025-10-29T22:19:39.239Z,2025-10-30T05:04:30.098Z,2025-10-30T17:07:50.033Z,1228.82,35.98,"$1,154.24","rabbitgoo Arnes Antitirones Perro Grande Mediano Ajustable con Manija de Espalda, Chaleco Acolchado Arnés para Perro Coche Lineas Reflecantes Paseo Fácil para Entrenamiento Tamaño Grande Negro",https://www.amazon.com.mx/dp/B07L2TBG5C,https://www.amazon.com/dp/B07L2TBG5C,Rendosa,Authorized Rabbitgoo Seller Globegou
,B0DRZ2W8X5,3,Productos para animales,disponible,no disponible,,,2025-10-29T22:19:39.239Z,2025-10-30T05:04:39.293Z,2025-10-30T17:07:58.493Z,642.28,,$615.80,WuffWell Polvo Limpiador de Dientes para Perros Con Probióticos - Elimina La Placa Dental Y La Placa En Perros - Aliento Fresco Y Encías Sanas - Fácil de Usar - Ideal para El Mal Aliento Y El Control,https://www.amazon.com.mx/dp/B0DRZ2W8X5,https://www.amazon.com/dp/B0DRZ2W8X5,GUTTIDIRECT,
,B079Y9JGNL,3,Productos para animales,disponible,no disponible,,,2025-10-29T22:19:39.240Z,2025-10-30T05:04:48.086Z,2025-10-30T17:08:05.568Z,549,,$564.72,Rose & Branch Semillas de zacate de trigo orgánicas – Semillas de zacate de gato – 16 onzas – 100% orgánicas sin OMG – Trigo rojo duro – Cosechado en Estados Unidos – Fácil de cultivar,https://www.amazon.com.mx/dp/B079Y9JGNL,https://www.amazon.com/dp/B079Y9JGNL,251 SHOP,
,B0C3Z8NJ58,3,Productos para animales,disponible,no disponible,,,2025-10-29T22:19:39.240Z,2025-10-30T05:04:55.504Z,2025-10-30T17:08:13.429Z,1046.25,,"$1,010.73","GuHuiKuPAWSION Dog Plaque and Tartar Remover, Ultrasonic Teeth Cleaner for Dogs and Cats, Ultrasonic Toothbrush Kit, Dental Cleaner to Remove Dog's Bad Breath and Teeth Stains",https://www.amazon.com.mx/dp/B0C3Z8NJ58,https://www.amazon.com/dp/B0C3Z8NJ58,DUKKI LLC,
,B07Z4SWCHT,3,Productos para animales,disponible,no disponible,,,2025-10-29T22:19:39.240Z,2025-10-30T05:05:04.153Z,2025-10-30T17:08:21.910Z,1993.93,,"$1,973.71","EASIHOLD - Pegamento de mantillo - 1.3 galones/XL - Pegamento de mantillo y roca para paisajismo y estabilización de mantillo y grava de guisantes. Dura hasta 3 años, no tóxico, listo para usar,",https://www.amazon.com.mx/dp/B07Z4SWCHT,https://www.amazon.com/dp/B07Z4SWCHT,SRKSB LLC,
,B001VP86NQ,3,Productos para animales,disponible,no disponible,,,2025-10-29T22:19:39.240Z,2025-10-30T05:05:13.758Z,2025-10-30T17:08:29.765Z,754.54,,$750.29,EQyss Avocado Mist Pet Conditioner Spray 16 oz by Eqyss,https://www.amazon.com.mx/dp/B001VP86NQ,https://www.amazon.com/dp/B001VP86NQ,DUKKI LLC,
,B0DK3Z5LNK,3,Productos para animales,disponible,no disponible,,,2025-10-29T22:19:39.240Z,2025-10-30T05:05:21.237Z,2025-10-30T17:08:37.088Z,720,,$737.35,EASYIN H Pylori Kit de prueba: 2 pruebas rápidas y altamente precisas y fáciles de usar y leer Helicobacter Pylori en casa resultados en 10-15 minutos - Kit de prueba H-Pylori 2 pruebas (2),https://www.amazon.com.mx/dp/B0DK3Z5LNK,https://www.amazon.com/dp/B0DK3Z5LNK,Brownstone Brooklyn,
,B0CLGL5QLM,3,Productos para animales,disponible,disponible,,,2025-10-29T22:19:39.240Z,2025-10-30T05:05:29.479Z,2025-10-30T17:08:45.217Z,1080.85,32.99,"$1,036.08","NATURE NERDS Removedor de placa para dientes, kit de cepillado de dientes de mascotas, herramientas dentales para quitar placa y tartar, seguro para perros y gatos, con luz LED, blanco",https://www.amazon.com.mx/dp/B0CLGL5QLM,https://www.amazon.com/dp/B0CLGL5QLM,M&H Customer Friendly Store,Nature Nerds US
,B0DG5LK4VW,3,Productos para animales,disponible,no disponible,,,2025-10-29T22:19:39.240Z,2025-10-30T05:05:38.344Z,2025-10-30T17:08:53.894Z,2031.09,,"$2,008.43","Luz de Acuario para Peceras, Temporizador 24/7 DIY, Memoria de Apagado, 7 Filas LED Seaoura Luces de Espectro Completo, 8 Colores, 20 Brillos, Ajustable para Planta Agua Dulce 120-137CM",https://www.amazon.com.mx/dp/B0DG5LK4VW,https://www.amazon.com/dp/B0DG5LK4VW,BROWN LEAVES LLC,
,B0C2DWZWD9,3,Productos para animales,disponible,no disponible,,,2025-10-29T22:19:39.240Z,2025-10-30T05:05:47.380Z,2025-10-30T17:09:01.848Z,582.95,,$575.25,Purina Pro Plan Veterinary Joint Care Joint Supplement for Small Breed Dogs Hip and Joint Supplement - 2.65 oz. Pouch,https://www.amazon.com.mx/dp/B0C2DWZWD9,https://www.amazon.com/dp/B0C2DWZWD9,DUKKI LLC,
,B0D3TFTDD4,3,Productos para animales,disponible,no disponible,,,2025-10-29T22:19:39.241Z,2025-10-30T05:05:55.324Z,2025-10-30T17:09:08.306Z,650.4,,$687.39,"asomooh-Gotas para cataratas para perros, gotas para los ojos para perros, mejoran la claridad visual, mejoran la visión ocular y las cataratas (2 x 10 ml)",https://www.amazon.com.mx/dp/B0D3TFTDD4,https://www.amazon.com/dp/B0D3TFTDD4,M&H Customer Friendly Store,
,B0DWF1Z9WP,3,Productos para animales,disponible,disponible,,,2025-10-29T22:19:39.241Z,2025-10-30T05:06:03.795Z,2025-10-30T17:09:15.602Z,402.8,4.99,$401.48,"Tapones de silicona para mascotas PETIMI, dispensador automático de agua para perros (modelo de acero inoxidable), paquete de 5 unidades",https://www.amazon.com.mx/dp/B0DWF1Z9WP,https://www.amazon.com/dp/B0DWF1Z9WP,Rendosa,Hanjin-ro
,B0CJCLHN8T,3,Productos para animales,disponible,no disponible,,,2025-10-29T22:19:39.241Z,2025-10-30T05:06:12.414Z,2025-10-30T17:09:24.365Z,690.88,,$678.49,"Artullano - Polvo de calabaza para perros, diarrea de perro, soporte digestivo -8 onzas",https://www.amazon.com.mx/dp/B0CJCLHN8T,https://www.amazon.com/dp/B0CJCLHN8T,GUTTIDIRECT,
,B0DXPY9FM4,3,Productos para animales,disponible,no disponible,,,2025-10-29T22:19:39.241Z,2025-10-30T05:06:20.647Z,2025-10-30T17:09:31.551Z,688.98,,$648.80,"Nutridog Masticables para La Alergia Canina: Alivio de La Picazón Y Apoyo para Alergias Estacionales con Manzanilla, Aceite de Salmón Y Quercetina. Premios Probióticos para La Alergia Canina, Sabor A",https://www.amazon.com.mx/dp/B0DXPY9FM4,https://www.amazon.com/dp/B0DXPY9FM4,MARVEL INC.,
,B0D81KC9Y2,3,Productos para animales,disponible,no disponible,,,2025-10-29T22:19:39.241Z,2025-10-30T05:06:28.880Z,2025-10-30T17:09:40.027Z,1360.72,,"$1,287.01","MeowHomm Estantes De Pared Para Gatos, Muebles De Pared De Madera Para Gatos Con 3 Escalones De Pared Para Gatos, Estante De Alimentación Para Gatos Con 2 Cuencos De Comida Para Gatos, Muebles De Cama",https://www.amazon.com.mx/dp/B0D81KC9Y2,https://www.amazon.com/dp/B0D81KC9Y2,Rendomin,
,B0DN1BS8MJ,3,Productos para animales,disponible,no disponible,,,2025-10-29T22:19:50.510Z,2025-10-30T05:06:37.113Z,2025-10-30T17:09:47.301Z,573.18,,$565.62,"PUAINTA Spray Para Puntos Calientes Para Perros, Spray Para La Piel Mejorado Pipot Para Perros, Alivio De La Picazón Y Tratamiento De Puntos Calientes Para Perros, Ayuda A Tratar Infecciones E Irritac",https://www.amazon.com.mx/dp/B0DN1BS8MJ,https://www.amazon.com/dp/B0DN1BS8MJ,SRKSB LLC,
,B0CBNXMVV3,3,Productos para animales,disponible,no disponible,,,2025-10-29T22:19:50.510Z,2025-10-30T05:06:45.571Z,2025-10-30T17:09:54.143Z,606.59,,$601.31,"ONECUTE - Portador para perros pequeños con bolsillos grandes, soporta hasta 16 libras, bolsa de algodón, para perros de lado suave, transportador de viaje plegable para cachorros (correa para el hombro, gris)",https://www.amazon.com.mx/dp/B0CBNXMVV3,https://www.amazon.com/dp/B0CBNXMVV3,BELGUCAN Global,
,B0C5LZ43WD,3,Productos para animales,disponible,no disponible,,,2025-10-29T22:19:50.511Z,2025-10-30T05:06:53.480Z,2025-10-30T17:10:00.851Z,1212.01,,"$1,207.62","YISZM Piedras negras de 10 libras para plantas, 2 – 3 pulgadas de alto pulido natural grandes rocas de río para paisajismo, piedras decorativas, jarrón, acuarios, jardín, exterior e interior, bricolaje",https://www.amazon.com.mx/dp/B0C5LZ43WD,https://www.amazon.com/dp/B0C5LZ43WD,ElBazarMexicano,
,B0CW37TK7C,3,Productos para animales,disponible,no disponible,,,2025-10-29T22:19:50.511Z,2025-10-30T05:07:01.305Z,2025-10-30T17:10:07.894Z,606.11,,$586.78,"YZHZOM Juego De 4 4-6"" Madera Flotante Natural Pequeña para Acuario Estilo Cuidadosamente Seleccionado Decoración De Acuario Natural Madera Flotante para Tanque De Reptiles Decoración De Mad",https://www.amazon.com.mx/dp/B0CW37TK7C,https://www.amazon.com/dp/B0CW37TK7C,MUCH & MORE,
,B0FCSD71VG,3,Productos para animales,disponible,disponible,,,2025-10-29T22:19:50.511Z,2025-10-30T05:07:13.838Z,2025-10-30T17:10:21.615Z,1055.43,29.98,"$1,054.32","Repelente solar ultrasónico de animales para exteriores, repelente de gatos, dispositivos solares repelentes de ciervos con luces estroboscópicas, sensor de movimiento de disuasión de animales",https://www.amazon.com.mx/dp/B0FCSD71VG,https://www.amazon.com/dp/B0FCSD71VG,Abundant Peace,REY&JET
,B0DSG2DPSD,3,Productos para animales,disponible,no disponible,,,2025-10-29T22:19:50.511Z,2025-10-30T05:07:21.326Z,2025-10-30T17:10:29.010Z,1287.94,,"$1,275.31","FAMIDGE Sofá para Gatos, Sofá para Gatos de Interior, Camas Elevadas con Funda de Colchón Extraíble, Hamaca para Gatitos Y Cachorros Pequeños (Gris Oscuro)",https://www.amazon.com.mx/dp/B0DSG2DPSD,https://www.amazon.com/dp/B0DSG2DPSD,M&H Customer Friendly Store,
,B0DMSSCWXJ,3,Productos para animales,disponible,no disponible,,,2025-10-29T22:19:50.511Z,2025-10-30T05:07:29.764Z,2025-10-30T17:10:37.073Z,912.29,,$913.55,"IKiKiCubee 3 Cuencos Elevados para Gatos con Dispensador De Comida Lenta De Silicona, Platos De Cerámica Anchos Y Elevados para Gatos con Soporte De Bambú, Platos De Agua O Comida para Mascotas Aptos",https://www.amazon.com.mx/dp/B0DMSSCWXJ,https://www.amazon.com/dp/B0DMSSCWXJ,SRKSB LLC,
,B0BXVRKCYW,3,Productos para animales,disponible,no disponible,,,2025-10-29T22:19:50.511Z,2025-10-30T05:07:37.967Z,2025-10-30T17:10:45.167Z,1924.56,,"$1,997.24","TurfSpa™ Urine & Odor Turf Detox, Pet Odor Elimiator for Home, Dog Urine Neutralizer for Lawn, Artificial Grass, Concrete, Rocks, Sod & Patios - 1 Gallon",https://www.amazon.com.mx/dp/B0BXVRKCYW,https://www.amazon.com/dp/B0BXVRKCYW,BROWN LEAVES LLC,
,B0DQ1PWS4J,3,Productos para animales,disponible,no disponible,,,2025-10-29T22:19:50.511Z,2025-10-30T05:07:46.530Z,2025-10-30T17:10:52.886Z,1204.42,,"$1,175.60",Live Well Dog Mushroom Blend Powder Food Topper for Dogs and Cats 6ounce,https://www.amazon.com.mx/dp/B0DQ1PWS4J,https://www.amazon.com/dp/B0DQ1PWS4J,SRKSB LLC,
,B0DGMQ41C6,3,Productos para animales,disponible,disponible,,,2025-10-29T22:19:50.511Z,2025-10-30T05:07:53.725Z,2025-10-30T17:10:59.980Z,754.54,19.99,$734.96,"WoofBite - Varilla de masticar indestructible – Reemplazo de por vida – Masticadores agresivos, raza mediana y grande, juguetes de goma natural no tóxicos para perros, amarillo (color altamente",https://www.amazon.com.mx/dp/B0DGMQ41C6,https://www.amazon.com/dp/B0DGMQ41C6,DUKKI LLC,Monster K9 Dog Toys
,B0DK8H37K4,3,Productos para animales,disponible,no disponible,,,2025-10-29T22:19:50.511Z,2025-10-30T05:08:01.677Z,2025-10-30T17:11:07.657Z,738.04,,$693.76,"Lucky Critter - Cueva de túnel subterráneo de acuario, curva natural, dos agujeros, visualización de peces y camarones bajo el túnel de grava, decoración de peceras, escondite perfecto para bagre",https://www.amazon.com.mx/dp/B0DK8H37K4,https://www.amazon.com/dp/B0DK8H37K4,MARVEL INC.,
,B0C6QJ2DDZ,3,Productos para animales,disponible,disponible,,,2025-10-29T22:19:50.512Z,2025-10-30T05:08:09.454Z,2025-10-30T17:11:16.578Z,529.99,9.99,$503.76,"DOGWONG - Collar para perro de cáñamo de algodón, resistente y resistente, de tela natural, suave y duradera, para perros pequeños, medianos y grandes",https://www.amazon.com.mx/dp/B0C6QJ2DDZ,https://www.amazon.com/dp/B0C6QJ2DDZ,SRKSB LLC,RYANG
,B08THGBXZP,3,Productos para animales,disponible,no disponible,,,2025-10-29T22:19:50.512Z,2025-10-30T05:08:17.287Z,2025-10-30T17:11:25.260Z,1207.23,,"$1,125.05","WORMSKING 5LB Dried Black Soldier Fly Larvae, High Calcium for Chickens",https://www.amazon.com.mx/dp/B08THGBXZP,https://www.amazon.com/dp/B08THGBXZP,Holaproducto,
,B09139GTD9,3,Productos para animales,disponible,no disponible,,,2025-10-29T22:19:50.512Z,2025-10-30T05:08:25.175Z,2025-10-30T17:11:32.784Z,616.27,,$605.81,"Kitty Love Bubbles, Catnip Scented Bubbles 4oz. Bottle-2 Pack for Cats",https://www.amazon.com.mx/dp/B09139GTD9,https://www.amazon.com/dp/B09139GTD9,GUTTIDIRECT,
,B0D1VBMKB7,3,Productos para animales,disponible,no disponible,,,2025-10-29T22:19:50.512Z,2025-10-30T05:08:33.676Z,2025-10-30T17:11:40.172Z,1317.83,,"$1,303.19","Barras de Descanso para gallineros, Percha para gallinas, Perfecta para Aves de Corral y gallineros de traspatio, fácil de Montar y Limpiar, Juguetes para gallinas de Granja",https://www.amazon.com.mx/dp/B0D1VBMKB7,https://www.amazon.com/dp/B0D1VBMKB7,M&H Customer Friendly Store,
,B0F31WWGYQ,3,Productos para animales,disponible,no disponible,,,2025-10-29T22:19:50.512Z,2025-10-30T05:08:42.287Z,2025-10-30T17:11:47.519Z,2092.84,,"$1,965.31","SFJC - Puerta de perro no empotrado para interiores, puerta de perro plegable para puertas, escaleras o pasillos, puerta de madera blanca para mascotas para la casa, valla de perro con pies de apoyo",https://www.amazon.com.mx/dp/B0F31WWGYQ,https://www.amazon.com/dp/B0F31WWGYQ,MARVEL INC.,
,B000TZ1SG6,3,Productos para animales,disponible,no disponible,,,2025-10-29T22:20:01.524Z,2025-10-30T05:08:49.575Z,2025-10-30T17:11:54.894Z,1396.98,,"$1,342.38",PFIZER Equine Kopertox Dressing,https://www.amazon.com.mx/dp/B000TZ1SG6,https://www.amazon.com/dp/B000TZ1SG6,M&H Customer Friendly Store,
,B09H3GWF6N,3,Productos para animales,disponible,no disponible,,,2025-10-29T22:20:01.525Z,2025-10-30T05:08:56.542Z,2025-10-30T17:12:01.937Z,877.24,,$853.33,"UnRuffledRx Spray Para Pájaros Con Aloe Vera, 8 Oz, Rocío Humectante Seguro Para Pájaros, Seguro Si Se Ingiere, Acondiciona Las Plumas, Suave Para Uso Diario, Aplicación En Rocío Fino, Natural, Sin Ol",https://www.amazon.com.mx/dp/B09H3GWF6N,https://www.amazon.com/dp/B09H3GWF6N,M&H Customer Friendly Store,
,B08S2TQ357,3,Productos para animales,disponible,disponible,,,2025-10-29T22:20:01.525Z,2025-10-30T05:09:04.225Z,2025-10-30T17:12:09.773Z,938.58,26.95,$937.47,"Rabbitgoo Arnés para perros, arnés sin tirón para perros extra grandes, arnés ajustable para chaleco con clips delanteros y traseros para correa, arnés reflectante para mascotas, acolchado suave con asa de fácil control (verde azulado, extragrande)",https://www.amazon.com.mx/dp/B08S2TQ357,https://www.amazon.com/dp/B08S2TQ357,GUTTIDIRECT,Authorized Rabbitgoo Seller Globegou
,B0CL5CBLR6,3,Productos para animales,disponible,no disponible,,,2025-10-29T22:20:01.525Z,2025-10-30T05:09:12.502Z,2025-10-30T17:12:19.049Z,810.8,,$802.93,"ALO Alōh Hipoalergénico | Totalmente Natural | Toallitas Multiusos para Mascotas, Sin Perfume, 50 Unidades | Paquete de 3 (150 Unidades)",https://www.amazon.com.mx/dp/B0CL5CBLR6,https://www.amazon.com/dp/B0CL5CBLR6,High Quailty,
,B0CRFM5XSF,3,Productos para animales,disponible,no disponible,,,2025-10-29T22:20:01.525Z,2025-10-30T05:09:19.982Z,2025-10-30T17:12:27.073Z,1361.11,,"$1,323.71","Estantes de pared para gatos con 3 pasos, estantes de escalada para gatos para montaje en pared, muebles para gatos montados en la pared, estantes de pared para gatos, estantes de pared para gatos,",https://www.amazon.com.mx/dp/B0CRFM5XSF,https://www.amazon.com/dp/B0CRFM5XSF,M&H Customer Friendly Store,
,B0C2TQVS36,3,Productos para animales,disponible,no disponible,,,2025-10-29T22:20:01.525Z,2025-10-30T05:09:28.107Z,2025-10-30T17:12:34.914Z,609.6,,$609.46,"ONECUTE - Correa de hombro para mascotas, ligera y cómoda, accesorio de transporte para mascotas para un fácil viaje, reduce la carga de llevar a tu mascota",https://www.amazon.com.mx/dp/B0C2TQVS36,https://www.amazon.com/dp/B0C2TQVS36,M&H Customer Friendly Store,
,B0BFCL7GG8,3,Productos para animales,disponible,no disponible,,,2025-10-29T22:20:01.525Z,2025-10-30T05:09:35.460Z,2025-10-30T17:12:43.132Z,663.15,,$621.92,"XLpeixin- Palitos de Madera de Manzano para Chinchillas, Juguetes masticables Naturales y golosinas para Chinchillas, Conejillos de Indias, hámsteres, gerb",https://www.amazon.com.mx/dp/B0BFCL7GG8,https://www.amazon.com/dp/B0BFCL7GG8,MARVEL INC.,
,B0DCB7KS9W,3,Productos para animales,disponible,no disponible,,,2025-10-29T22:20:01.525Z,2025-10-30T05:09:43.850Z,2025-10-30T17:12:51.318Z,516.99,,$481.16,"MAEELOU- Herramienta de aseo para perros de alta calidad: este cepillo para perros de tamaño pequeño está especialmente diseñado para razas de perros pequeños, como los Teddy Shih Tzu y los Yorkies. E",https://www.amazon.com.mx/dp/B0DCB7KS9W,https://www.amazon.com/dp/B0DCB7KS9W,MARVEL INC.,
,B0002XI6GU,3,Productos para animales,disponible,no disponible,,,2025-10-29T22:20:01.525Z,2025-10-30T05:09:56.822Z,2025-10-30T17:13:04.637Z,877.59,,$853.33,"TUF-FOOT Liquid Foot, Hoof and Paw Protection - 7 oz",https://www.amazon.com.mx/dp/B0002XI6GU,https://www.amazon.com/dp/B0002XI6GU,DUKKI LLC,
,B0CT6HDSWW,3,Productos para animales,disponible,disponible,,,2025-10-29T22:20:01.525Z,2025-10-30T05:10:05.649Z,2025-10-30T17:13:12.731Z,1600.02,48.95,"$1,580.79","almohadillas para orejas lavables para orinar para perros, tamaño grande de 54 x 54 pulgadas, superabsorbentes, paquete de 2 almohadillas para orejas reutilizables para entrenamiento para cachorros,",https://www.amazon.com.mx/dp/B0CT6HDSWW,https://www.amazon.com/dp/B0CT6HDSWW,Rendosa,The Washable Pad Company
,B0BPH9XGLF,3,Productos para animales,disponible,disponible,,,2025-10-29T22:20:01.526Z,2025-10-30T05:10:14.954Z,2025-10-30T17:13:21.662Z,668.7,14.98,$632.03,"AOZOOM Juguetes para perros masticadores agresivos, rompecabezas para perros con sabor a carne de res, juguetes interactivos para perros grandes, medianos y pequeños, goma segura, indestructible, resistente, duradero, color azul",https://www.amazon.com.mx/dp/B0BPH9XGLF,https://www.amazon.com/dp/B0BPH9XGLF,MARVEL INC.,TianPet
,B07V4WSPBG,3,Productos para animales,disponible,no disponible,,,2025-10-29T22:20:01.526Z,2025-10-30T05:10:23.772Z,2025-10-30T17:13:29.924Z,607.46,,$609.13,"Buddy BUDDER Bark Bistro Company, Ruff R uff Raw, Mantequilla de cacahuete para perros, golosinas saludables para perros, cosas en juguetes, bolsillo para píldoras, fabricado en Estados Unidos, frascos de 18 onzas)",https://www.amazon.com.mx/dp/B07V4WSPBG,https://www.amazon.com/dp/B07V4WSPBG,DUKKI LLC,
,B0D5H8Q65B,3,Productos para animales,disponible,no disponible,,,2025-10-29T22:20:01.526Z,2025-10-30T05:10:31.073Z,2025-10-30T17:13:37.495Z,1322.82,,"$1,303.19","Foellstoe - cubeta de juguete para perros, cesta de juguete de metal con asas, organizador de perros, caja de juguetes a prueba de masticación, cobroas, cofre, cachorro, juguete de madera, contenedor",https://www.amazon.com.mx/dp/B0D5H8Q65B,https://www.amazon.com/dp/B0D5H8Q65B,Rendomin,
,B0CM5P6416,3,Productos para animales,disponible,no disponible,,,2025-10-29T22:20:01.526Z,2025-10-30T05:10:39.065Z,2025-10-30T17:13:45.329Z,1270.73,,"$1,179.80","Vinatimes - Caja de sombra para mascotas de 8.6 pulgadas, regalo conmemorativo, soporte para collar rústico, kit de impresión de patas, escultura de madera para perro, cenizas de mascotas, tarro de",https://www.amazon.com.mx/dp/B0CM5P6416,https://www.amazon.com/dp/B0CM5P6416,MARVEL INC.,
,B09D8Q8CX4,3,Productos para animales,disponible,no disponible,,,2025-10-29T22:20:01.526Z,2025-10-30T05:10:47.058Z,2025-10-30T17:13:53.477Z,690.88,,$667.96,PI-PETS: Orina superabsorbente solidificador y desodorante en polvo - Lavabo portátil para limpiar residuos químicos - Agente gelificante biológico - 100% ecológico,https://www.amazon.com.mx/dp/B09D8Q8CX4,https://www.amazon.com/dp/B09D8Q8CX4,GUTTIDIRECT,
,B0D5B4MZN6,3,Productos para animales,disponible,no disponible,,,2025-10-29T22:20:01.526Z,2025-10-30T05:10:54.490Z,2025-10-30T17:14:00.896Z,534.98,,$528.87,"OCKCE-Spray corrector para perros, 130 ml, 1 paquete, corrector para perros. Evita los ladridos, los saltos, la evitación de lugares, el robo de comida, las peleas de perros, los ataques y la intimida",https://www.amazon.com.mx/dp/B0D5B4MZN6,https://www.amazon.com/dp/B0D5B4MZN6,M&H Customer Friendly Store,
,B07DDHPCHS,3,Productos para animales,disponible,no disponible,,,2025-10-29T22:20:17.268Z,2025-10-30T05:11:03.543Z,2025-10-30T17:14:08.055Z,730.03,,$726.94,"GlasGarten Bacter Ae - Aditivo de Agua en Polvo para camarones CRS Bee Cherry, 70g",https://www.amazon.com.mx/dp/B07DDHPCHS,https://www.amazon.com/dp/B07DDHPCHS,DUKKI LLC,
,B0BWWKYD2S,3,Productos para animales,disponible,disponible,,,2025-10-29T22:20:17.268Z,2025-10-30T05:11:11.400Z,2025-10-30T17:14:15.886Z,526.77,10.39,$520.97,"Mercano - Juego de arnés y correa de malla suave para perro, sin calzones, reflectante, transpirable, ligero, fácil de caminar, a prueba de escapar, arnés con hebilla de seguridad para perros pequeños y medianos, gatos (negro, blanco, XXS)",https://www.amazon.com.mx/dp/B0BWWKYD2S,https://www.amazon.com/dp/B0BWWKYD2S,SRKSB LLC,Mercano US
,B09JGJV2G8,3,Productos para animales,disponible,disponible,,,2025-10-29T22:20:17.268Z,2025-10-30T05:11:18.324Z,2025-10-30T17:14:23.567Z,406.43,4.8,$383.71,Collar de gato Breakaway 2 piezas con patrón ajustable tribal azteca suroeste de seguridad para gatos gatitos (suroeste + azteca),https://www.amazon.com.mx/dp/B09JGJV2G8,https://www.amazon.com/dp/B09JGJV2G8,MSTZKN SHİPMENT,Aisweet
,B01K3712K6,3,Productos para animales,disponible,no disponible,,,2025-10-29T22:20:17.268Z,2025-10-30T05:11:24.901Z,2025-10-30T17:14:31.370Z,753.56,,$746.96,"Lillian Ruff Brightening & Whitening Shampoo For Dogs - Tear Free Coconut Scent with Aloe For Normal, Dry & Sensitive Skin - Adds Shine & Luster to Coats (16 oz.)",https://www.amazon.com.mx/dp/B01K3712K6,https://www.amazon.com/dp/B01K3712K6,DUKKI LLC,
,B099NF6RR9,3,Productos para animales,disponible,no disponible,,,2025-10-29T22:20:17.268Z,2025-10-30T05:11:32.559Z,2025-10-30T17:14:38.899Z,845.21,,$844.09,"DoogCat Toys - Tocadiscos de bambú de 3 niveles, bolas interactivas para gatos con 9 bolas de madera, gatito interactivo divertido, ejercicio físico mental, rompecabezas de bolas de gatito",https://www.amazon.com.mx/dp/B099NF6RR9,https://www.amazon.com/dp/B099NF6RR9,M&H Customer Friendly Store,
,B0BF3KYNJS,3,Productos para animales,disponible,no disponible,,,2025-10-29T22:20:17.268Z,2025-10-30T05:11:40.857Z,2025-10-30T17:14:46.062Z,763.65,,$743.74,"Muddy Mat Secador original para perritos, microfibra altamente absorbente, lavable, toalla de secado rápido, toallas de baño de felpilla de felpa extra suave para secar mascotas grandes y cachorros pequeños, color gris",https://www.amazon.com.mx/dp/B0BF3KYNJS,https://www.amazon.com/dp/B0BF3KYNJS,MARVEL INC.,
,B0C8HTDSHD,3,Productos para animales,disponible,disponible,,,2025-10-29T22:20:17.269Z,2025-10-30T05:11:50.711Z,2025-10-30T17:14:52.787Z,880.12,21.99,$841.59,"Tresbro - Cadenas de perro resistentes para exteriores, cable de amarre de acero inoxidable de 20 pies con gancho giratorio para perros pequeños y medianos, correa de cadena de metal a prueba de",https://www.amazon.com.mx/dp/B0C8HTDSHD,https://www.amazon.com/dp/B0C8HTDSHD,Rendosa,Tresbro
,B0C8DCTX52,3,Productos para animales,disponible,no disponible,,,2025-10-29T22:20:17.269Z,2025-10-30T05:11:57.959Z,2025-10-30T17:15:00.774Z,997.4,,$966.13,"Escondite de conejillo de indias, casa de conejillo de indias con escaleras y tapetes extragrande Castillo de conejillo de indias desmontable para animales pequeños, hábitats de madera de conejillo de indias con múltiples puertas y ventanas",https://www.amazon.com.mx/dp/B0C8DCTX52,https://www.amazon.com/dp/B0C8DCTX52,M&H Customer Friendly Store,
,B0BJZJDTRL,3,Productos para animales,disponible,no disponible,,,2025-10-29T22:20:17.269Z,2025-10-30T05:12:10.859Z,2025-10-30T17:15:08.435Z,635.75,,$622.22,"Aquameta Protector de espumador de acuario y difusor de salida, para Eheim Skim350",https://www.amazon.com.mx/dp/B0BJZJDTRL,https://www.amazon.com/dp/B0BJZJDTRL,M&H Customer Friendly Store,
,B01LZMGSAD,3,Productos para animales,disponible,no disponible,,,2025-10-29T22:20:17.269Z,2025-10-30T05:12:22.985Z,2025-10-30T17:15:16.739Z,1134.89,,"$1,114.76","Cowboy Magic Rosewater Shampoo and Rosewater Conditioner Bundle, 32oz Each",https://www.amazon.com.mx/dp/B01LZMGSAD,https://www.amazon.com/dp/B01LZMGSAD,SRKSB LLC,
,B07PFMPKM8,3,Productos para animales,disponible,no disponible,,,2025-10-29T22:20:17.269Z,2025-10-30T05:12:37.860Z,2025-10-30T17:15:24.619Z,1127.22,,"$1,065.00","OKPET Carr Day and Martin Dreamcoat - Abrigo de 1 litro, Transparente",https://www.amazon.com.mx/dp/B07PFMPKM8,https://www.amazon.com/dp/B07PFMPKM8,LueKeen,
,B0BPC4SDK4,3,Productos para animales,disponible,no disponible,,,2025-10-29T22:20:17.269Z,2025-10-30T05:12:47.094Z,2025-10-30T17:15:33.308Z,1201.15,,"$1,183.36","GOLOMOZ - Decoración grande para peceras, decoración de peceras, acuario, roca, vista a la montaña, acuario, adorno de árbol, casa, cueva, pecera, rocas para grandes decoraciones de tanque de glofish",https://www.amazon.com.mx/dp/B0BPC4SDK4,https://www.amazon.com/dp/B0BPC4SDK4,MARVEL INC.,
,B0C7YQLW8S,3,Productos para animales,disponible,disponible,,,2025-10-29T22:20:17.269Z,2025-10-30T05:13:11.964Z,2025-10-30T17:15:46.359Z,643.58,13.99,$603.84,"DOGWONG Collar de perro de algodón de cáñamo, resistente con soporte para Airtag, verde, de tela natural duradera, para perro pequeño, mediano y grande",https://www.amazon.com.mx/dp/B0C7YQLW8S,https://www.amazon.com/dp/B0C7YQLW8S,MARVEL INC.,RYANG
,B0DB69Z74J,3,Productos para animales,disponible,no disponible,,,2025-10-29T22:20:17.269Z,2025-10-30T05:13:21.598Z,2025-10-30T17:15:54.557Z,523.29,,$507.89,"Clean Paws - Limpiador espumoso sin enjuague, suave y equilibrado con pH para proporcionar una limpieza profunda segura para todos los perros y gatos | Botella portátil con cepillo para polvo de",https://www.amazon.com.mx/dp/B0DB69Z74J,https://www.amazon.com/dp/B0DB69Z74J,KRONOS STORE,
,B0C7YYVV8H,3,Productos para animales,disponible,disponible,,,2025-10-29T22:20:17.269Z,2025-10-30T05:13:31.915Z,2025-10-30T17:16:01.734Z,570.99,11.99,$561.71,"DOGWONG Airtag - Collar de perro de algodón de cáñamo, resistente con soporte para Airtag, collar de perro blanco de tela natural duradera, collar de perro para perro pequeño, mediano y grande",https://www.amazon.com.mx/dp/B0C7YYVV8H,https://www.amazon.com/dp/B0C7YYVV8H,MUCH & MORE,RYANG
,B015T8JAPI,3,Productos para animales,disponible,no disponible,,,2025-10-29T22:20:17.270Z,2025-10-30T05:13:40.831Z,2025-10-30T17:16:10.330Z,567.72,,$530.76,"Emours 12 Piece Pack Rattle Furry Mice Cat Toy Realistic Fur Mice Squeak Toys, Color Varies",https://www.amazon.com.mx/dp/B015T8JAPI,https://www.amazon.com/dp/B015T8JAPI,MARVEL INC.,
,B0DC6S1SG3,3,Productos para animales,disponible,disponible,,,2025-10-29T22:20:30.827Z,2025-10-30T05:13:50.896Z,2025-10-30T17:16:19.067Z,904.26,23.9,$882.08,"KADTC - Juguete para masticar para perros extragrandes y agresivos para todas las razas, bolas de dientes interactivas para mantenerlas ocupadas y aburrimientos, juguetes de enriquecimiento",https://www.amazon.com.mx/dp/B0DC6S1SG3,https://www.amazon.com/dp/B0DC6S1SG3,Ovolos,KADTC store
,B0CFZ9L8YP,3,Productos para animales,disponible,no disponible,,,2025-10-29T22:20:30.827Z,2025-10-30T05:14:01.395Z,2025-10-30T17:16:26.345Z,1161.13,,"$1,128.97","Midollarle Cama para Conejo con Tapete Suave, Cama Desmontable para Animales Pequeños, Hábitat De Conejo De Madera para Mascotas Pequeñas para Tener Un Acogedor Nido",https://www.amazon.com.mx/dp/B0CFZ9L8YP,https://www.amazon.com/dp/B0CFZ9L8YP,Rendosa,
,B0B5M571ZV,3,Productos para animales,disponible,no disponible,,,2025-10-29T22:20:30.827Z,2025-10-30T05:14:12.113Z,2025-10-30T17:16:34.150Z,1292.8,,"$1,291.69","Boss - Collar táctico para perro (mediano, naranja cazador)",https://www.amazon.com.mx/dp/B0B5M571ZV,https://www.amazon.com/dp/B0B5M571ZV,Abundant Peace,
,B0CR19C7NF,3,Productos para animales,disponible,disponible,,,2025-10-29T22:20:30.828Z,2025-10-30T05:14:22.716Z,2025-10-30T17:16:42.487Z,602.04,12.98,$595.37,"Xeyai - Collar de acero inoxidable para la ansiedad y la respiración consciente, artículos de alivio de la ansiedad, collar de vape para ansiedad, respiración, herramienta de respiración de ansiedad,",https://www.amazon.com.mx/dp/B0CR19C7NF,https://www.amazon.com/dp/B0CR19C7NF,Ovolos,GTUTU
,B0B61W3B37,3,Productos para animales,disponible,no disponible,,,2025-10-29T22:20:30.828Z,2025-10-30T05:14:33.105Z,2025-10-30T17:16:51.037Z,645.51,,$641.64,"Correa para perro a cuadros con mango de algodón suave y cómodo, mascota para perros pequeños, medianos y grandes, gatos para caminar diariamente (rejilla naranja, S)",https://www.amazon.com.mx/dp/B0B61W3B37,https://www.amazon.com/dp/B0B61W3B37,Rendosa,
,B0C59THKRQ,3,Productos para animales,disponible,no disponible,,,2025-10-29T22:20:30.828Z,2025-10-30T05:14:41.694Z,2025-10-30T17:16:57.852Z,491.62,,$459.42,"TOYGENICS - Juguetes Doobie con Hierba Gatera para Gatos de Interior con Material Arrugado Y Duradero Y Extremos de Cuerda Interactivos para Enriquecimiento Y Limpieza de Dientes de Gato, Los Mejores",https://www.amazon.com.mx/dp/B0C59THKRQ,https://www.amazon.com/dp/B0C59THKRQ,MARVEL INC.,
,B01GGLVQZO,3,Productos para animales,disponible,no disponible,,,2025-10-29T22:20:30.828Z,2025-10-30T05:14:49.504Z,2025-10-30T17:17:04.872Z,1612.15,,"$1,518.20","Bark2Basics Oatmeal Shampoo, 1 Gallón, Coco, Champú para mascotas, Calmante e hidratante, Limpieza y acondicionamiento general del pelaje, alivio de piel seca e irritada",https://www.amazon.com.mx/dp/B01GGLVQZO,https://www.amazon.com/dp/B01GGLVQZO,M&H Customer Friendly Store,
,B0179QK0IY,3,Productos para animales,disponible,no disponible,,,2025-10-29T22:20:30.828Z,2025-10-30T05:14:59.117Z,2025-10-30T17:17:12.361Z,649.42,,$625.65,"Galapagos (05348) Mossy Cave Hide, 6in Green Sphagnum",https://www.amazon.com.mx/dp/B0179QK0IY,https://www.amazon.com/dp/B0179QK0IY,Novayu,
,B01N9K0C5S,3,Productos para animales,disponible,no disponible,,,2025-10-29T22:20:30.828Z,2025-10-30T05:15:08.283Z,2025-10-30T17:17:20.307Z,534.73,,$508.43,Earthtone Solutions Set of 5 Wool Felt Ball Toys for Cats and Kittens Adorable Colorful Soft Quiet 4cm Felted Fabric Balls Unique Handmade Natural Perfect Cat Lover Gifts Craft Supplies Fun By,https://www.amazon.com.mx/dp/B01N9K0C5S,https://www.amazon.com/dp/B01N9K0C5S,Rendosa,
,B09XRC6739,3,Productos para animales,disponible,no disponible,,,2025-10-29T22:20:30.828Z,2025-10-30T05:15:16.132Z,2025-10-30T17:17:27.468Z,430.48,,$413.37,"AESALUTOY - Juguetes para gatos de interior, juguete interactivo para gatos, varita de gatito, juguetes para jugar a la persecución, ejercicio, cuerda de gato, rompecabezas para mascotas, juguete para gatos y gatitos, 2 unidades",https://www.amazon.com.mx/dp/B09XRC6739,https://www.amazon.com/dp/B09XRC6739,Rendosa,
,B0C3PWCMWJ,3,Productos para animales,disponible,disponible,,,2025-10-29T22:20:30.828Z,2025-10-30T05:15:23.956Z,2025-10-30T17:17:35.419Z,1351.31,39.9,"$1,348.74","KADTC - Rompecabezas para perros medianos y grandes, rompecabezas de golpe lento, dispensador de alimentos, nivel de alimentación 3 en 1, juegos interactivos para cachorros, aburrimiento, estimulante mental, juguete para el cerebro, estimulación mental B",https://www.amazon.com.mx/dp/B0C3PWCMWJ,https://www.amazon.com/dp/B0C3PWCMWJ,MYSILKROAD LLC,KADTC store